singing_a,singing_b,mapped_minutes_a,mapped_minutes_b,leaders_a,leaders_b,shared_leaders,shared_leader_weight,jaccard,weighted_jaccard,overlap_coefficient,first_year_a,last_year_a,first_year_b,last_year_b,edge_source
Rock Creek-Mountain Home,Ryan Creek Convention,16,13,97,72,72,256.97494911895126,0.7422680412371134,0.717086026101078,1.0,1992,2007,1995,2007,mutual_top_neighbor
Kalamazoo Singing,Michiana Singing,24,30,280,378,252,965.0347461438047,0.6206896551724138,0.5986826359072982,0.9,1999,2025,1993,2025,mutual_top_neighbor
"Futral, Nelson, and Henry Memorial Singing",Smyrna Sacred Harp Singing,17,19,65,70,47,192.33364075443285,0.5340909090909091,0.5535016145962861,0.7230769230769231,2002,2018,2002,2025,mutual_top_neighbor
Hillabee Sacred Harp Convention,Rocky Mount Primitive Baptist Church Homecoming,17,18,59,69,46,191.98655207883957,0.5609756097560976,0.5515340931138152,0.7796610169491526,1999,2021,1999,2025,mutual_top_neighbor
Australian Sacred Harp Convention,Victoria Sacred Harp Singing,8,9,44,28,24,122.27883558327562,0.5,0.5210029275331204,0.8571428571428571,2016,2025,2013,2025,mutual_top_neighbor
Los Angeles Regional Singing,Lunsford and Jolly Memorial Singing,23,22,132,120,86,378.39068780996377,0.5180722891566265,0.5148952139952474,0.7166666666666667,1995,2017,1997,2019,mutual_top_neighbor
Exeter Singing,Maidencreek All Day Singing,24,27,306,375,234,924.1659149818022,0.5234899328859061,0.5110967973487487,0.7647058823529411,2001,2025,1996,2025,mutual_top_neighbor
Pacific Northwest Convention - Oregon,Pacific Northwest Convention - Washington,21,25,357,348,237,977.4730577937295,0.5064102564102564,0.501829683454804,0.6810344827586207,1997,2025,1997,2025,mutual_top_neighbor
Holmfirth Sacred Harp Singing,Oldham Sacred Harp Singing Day,6,8,43,43,30,113.75352142566723,0.5357142857142857,0.4970017495199473,0.6976744186046512,2008,2016,2009,2016,mutual_top_neighbor
Cedar Creek Singing,Mount Pisgah Primitive Baptist Church,8,18,25,37,19,95.32434306350875,0.4418604651162791,0.48824477873121286,0.76,2012,2019,2010,2025,mutual_top_neighbor
Brighton Sacred Harp Singing Day,Lewes Sacred Harp Singing Day,7,14,106,89,64,262.5506343737,0.48854961832061067,0.48021688307885213,0.7191011235955056,2016,2025,2011,2025,mutual_top_neighbor
New England Convention,Western Massachusetts Sacred Harp Singing Convention,27,24,612,662,420,1681.9579148907285,0.4918032786885246,0.4782721940805674,0.6862745098039216,1992,2025,1999,2025,mutual_top_neighbor
Australian Sacred Harp Convention,Sydney Singing,8,6,44,23,21,106.25385794141123,0.45652173913043476,0.47470495597982926,0.9130434782608695,2016,2025,2016,2025,mutual_top_neighbor
Keystone Sacred Harp Convention,Maidencreek All Day Singing,23,27,513,375,290,1139.0350024162913,0.48494983277591974,0.4711008611002513,0.7733333333333333,1999,2025,1996,2025,mutual_top_neighbor
Boston Singing,Rhode Island Singing,12,19,233,300,176,662.61082557141,0.49299719887955185,0.46728593137105207,0.7553648068669528,2010,2025,2004,2025,mutual_top_neighbor
H. R. Avery Memorial Singing,Hillabee Sacred Harp Convention,25,17,95,59,46,199.01390005772953,0.42592592592592593,0.45792900129423647,0.7796610169491526,1997,2025,1999,2021,mutual_top_neighbor
Cornelius Benjamin Keeton and Travis Keeton Memorial Singing,Shady Grove (Keeton Cemetery),30,33,188,219,135,462.46530243610346,0.4963235294117647,0.45736016079849384,0.7180851063829787,1992,2023,1992,2025,mutual_top_neighbor
Clifford Wakefield Memorial,Wakefield Memorial Singing,31,30,162,157,99,391.1482685867515,0.45,0.4525906554337021,0.6305732484076433,1992,2024,1994,2025,mutual_top_neighbor
"Dutton, Green, and Jackson Memorial","Martha Harper Nix, Lewis Keeton, and Lavada McGough Gilmore Memorial",17,18,119,123,77,276.56185035157654,0.4666666666666667,0.45132287773325497,0.6470588235294118,1992,2008,1992,2010,mutual_top_neighbor
Dominic Ciavonne Ziegler Memorial Singing,Palo Alto Singing,8,11,71,92,52,207.25502172625696,0.46846846846846846,0.4477891499560224,0.7323943661971831,2013,2020,2012,2023,mutual_top_neighbor
South Yorkshire Singing,West Yorkshire Sacred Harp Day,19,17,145,124,85,340.76636032464313,0.46195652173913043,0.4424602780590506,0.6854838709677419,2008,2025,2004,2023,mutual_top_neighbor
Ivey Memorial Singing,Liberty Decoration Day Singing,33,30,460,374,260,955.8018576116091,0.4529616724738676,0.4392912045429631,0.6951871657754011,1992,2025,1995,2025,mutual_top_neighbor
Lewes Sacred Harp Singing Day,Thanksgiving Sacred Harp Singing,14,13,89,103,61,244.95404599118226,0.46564885496183206,0.43890437735293447,0.6853932584269663,2011,2025,2011,2025,mutual_top_neighbor
Dallas County Singing,William J. Reynolds Sacred Harp Singing,25,24,163,145,96,415.4710478700429,0.4528301886792453,0.4383240413331348,0.6620689655172414,1999,2025,1994,2025,mutual_top_neighbor
Lincoln's Birthday Singing,University of Chicago/Hyde Park Singing,32,26,165,157,98,405.077416397668,0.4375,0.4374766302985007,0.6242038216560509,1992,2025,1998,2025,mutual_top_neighbor
Cape Meares Singing,Olympia Sacred Harp Singing,15,13,140,121,82,317.9952257340843,0.4581005586592179,0.436476605867887,0.6776859504132231,2010,2025,2010,2025,mutual_top_neighbor
H. R. Avery Memorial Singing,Rocky Mount Primitive Baptist Church Homecoming,25,18,95,69,47,206.4176963275964,0.4017094017094017,0.43516123973822113,0.6811594202898551,1997,2025,1999,2025,mutual_top_neighbor
Pacific Northwest Convention - Oregon,Portland Sacred Harp Singing,21,17,357,279,194,784.6941078872059,0.43891402714932126,0.43332185397044315,0.6953405017921147,1997,2025,2007,2025,mutual_top_neighbor
Exeter Singing,Oliver Kindig-Stokes Memorial Singing,24,14,306,193,154,598.7199141198437,0.4463768115942029,0.43274909836633857,0.7979274611398963,2001,2025,2009,2025,mutual_top_neighbor
Bloomington Singing,Eldridge Schoolhouse Singing,17,16,109,90,61,237.69317278253888,0.4420289855072464,0.4316376252714131,0.6777777777777778,2004,2023,2007,2025,mutual_top_neighbor
Furman University Singing,South Carolina State Singing in Memory of William Walker,8,16,36,59,29,122.68110884642157,0.4393939393939394,0.43100144805691026,0.8055555555555556,2012,2019,2008,2025,mutual_top_neighbor
Lillian Calvert and Irene Woodley Memorial,"Stephenson, Wall, and Hocutt Memorial",28,27,148,113,81,278.7780995965112,0.45,0.4309789742610295,0.7168141592920354,1993,2023,1992,2024,mutual_top_neighbor
Bainbridge Island Sacred Harp Singing,Olympia Sacred Harp Singing,6,13,93,121,66,256.91068902917254,0.44594594594594594,0.42747810422044646,0.7096774193548387,2017,2024,2010,2025,mutual_top_neighbor
Fox Valley Folk Festival,Lincoln's Birthday Singing,22,32,109,165,82,342.8429110768798,0.4270833333333333,0.4254429881413684,0.7522935779816514,1993,2025,1992,2025,mutual_top_neighbor
Berkshire Foothills Singing,Rhode Island Singing,16,19,303,300,189,705.8557833352276,0.45652173913043476,0.4241037225335779,0.63,2007,2025,2004,2025,mutual_top_neighbor
Brighton Sacred Harp Singing Day,Thanksgiving Sacred Harp Singing,7,13,106,103,64,256.0623181332445,0.4413793103448276,0.4232660636174447,0.6213592233009708,2016,2025,2011,2025,mutual_top_neighbor
Bainbridge Island Sacred Harp Singing,Cape Meares Singing,6,15,93,140,71,274.68616639019234,0.4382716049382716,0.4218551292555068,0.7634408602150538,2017,2024,2010,2025,mutual_top_neighbor
"Northwest Arkansas Shiloh Singing, Fall Session","Northwest Arkansas Shiloh Singing, Spring Session",15,15,39,58,27,123.19833005464967,0.38571428571428573,0.4192014531307274,0.6923076923076923,2008,2025,2007,2024,mutual_top_neighbor
Exeter Singing,Keystone Sacred Harp Convention,24,23,306,513,246,961.6676918984905,0.4293193717277487,0.41678316885490807,0.803921568627451,2001,2025,1999,2025,mutual_top_neighbor
New York State Regional Singing - April,New York State Regional Singing - February,21,19,93,90,54,228.1608046516015,0.4186046511627907,0.4125968627830773,0.6,1998,2025,1997,2015,mutual_top_neighbor
Sydney Singing,Victoria Sacred Harp Singing,6,9,23,28,16,73.65146268434177,0.45714285714285713,0.41164807952053567,0.6956521739130435,2016,2025,2013,2025,mutual_top_neighbor
Goodshaw Sacred Harp Day,Sheffield Sacred Harp Singing Day,9,8,69,88,49,181.75783423105463,0.4537037037037037,0.4115874254755108,0.7101449275362319,2010,2019,2009,2018,mutual_top_neighbor
New Haven Singing,Rhode Island Singing,12,19,248,300,167,621.3452900142037,0.43832020997375326,0.4106100436160596,0.6733870967741935,2011,2025,2004,2025,mutual_top_neighbor
County Line Church,Reid Memorial,33,34,307,346,199,669.1028304797535,0.43832599118942733,0.4103562515177858,0.6482084690553745,1992,2025,1992,2025,mutual_top_neighbor
Boston Singing,Cape Cod Singing,12,13,233,161,120,445.32292074423964,0.43795620437956206,0.41034315477357314,0.7453416149068323,2010,2025,2007,2020,mutual_top_neighbor
Berkshire Foothills Singing,Pioneer Valley Singing,16,17,303,311,184,711.7472026001991,0.42790697674418604,0.4092665545613816,0.6072607260726073,2007,2025,2002,2025,mutual_top_neighbor
Harpeth Valley - Priestley Miller Memorial Singing,Immanuel Baptist Church,31,28,127,110,68,274.7061114851826,0.40236686390532544,0.40617157064143955,0.6181818181818182,1993,2025,1992,2022,mutual_top_neighbor
Pacific Northwest Convention - Washington,Portland Sacred Harp Singing,25,17,348,279,184,741.7473360912647,0.4153498871331828,0.40605932102429565,0.6594982078853047,1997,2025,2007,2025,mutual_top_neighbor
New Year's Day Singing,Stapleford Sacred Harp Singing,19,18,101,95,58,218.8383361437687,0.42028985507246375,0.40231817085240973,0.6105263157894737,2006,2025,2004,2025,mutual_top_neighbor
Maidencreek All Day Singing,Oliver Kindig-Stokes Memorial Singing,27,14,375,193,167,647.8737694498757,0.4164588528678304,0.39938011024150183,0.8652849740932642,1996,2025,2009,2025,mutual_top_neighbor
Goodshaw Sacred Harp Day,Oldham Sacred Harp Singing Day,9,8,69,43,33,125.36306153651314,0.4177215189873418,0.3981192026709301,0.7674418604651163,2010,2019,2009,2016,mutual_top_neighbor
Berkshire Foothills Singing,New Haven Singing,16,12,303,248,163,613.9991272855124,0.42010309278350516,0.3955962977243902,0.657258064516129,2007,2025,2011,2025,mutual_top_neighbor
Bristol Singing,London Singing,9,16,153,220,111,439.9636202114095,0.42366412213740456,0.3954369474920645,0.7254901960784313,2014,2024,2008,2025,mutual_top_neighbor
South Yorkshire Singing,Stapleford Sacred Harp Singing,19,18,145,95,72,273.1515495027319,0.42857142857142855,0.3939027856584329,0.7578947368421053,2008,2025,2004,2025,mutual_top_neighbor
All-Wisconsin Sacred Harp Singing,Chicago Anniversary Singing,33,30,266,313,169,670.5960863710278,0.4121951219512195,0.3893538522057467,0.6353383458646616,1992,2025,1994,2025,mutual_top_neighbor
Jones Chapel Sacred Harp Memorial Singing - July,Jones Chapel Sacred Harp Memorial Singing - November,8,8,61,76,40,141.62737367371662,0.41237113402061853,0.38928601212623376,0.6557377049180327,1993,1999,1992,1999,mutual_top_neighbor
East Midlands Sacred Harp Convention,Stapleford Sacred Harp Singing,23,18,170,95,78,293.4798274567138,0.41711229946524064,0.38496130793430344,0.8210526315789474,2002,2025,2004,2025,mutual_top_neighbor
Henagar-Union Convention,Independence Day Singing,33,31,1046,644,496,1795.3882706910008,0.4154103852596315,0.3845340166433609,0.7701863354037267,1992,2025,1992,2025,mutual_top_neighbor
Cape Meares Singing,Portland Sacred Harp Singing,15,17,140,279,119,465.6345517418541,0.39666666666666667,0.3845157976111598,0.85,2010,2025,2007,2025,mutual_top_neighbor
Calhoun County Convention,Oak Hill Baptist Church,32,32,175,152,97,320.52489071937293,0.4217391304347826,0.3827730742283807,0.6381578947368421,1992,2023,1992,2023,mutual_top_neighbor
Edwardsville Church,Old Harmony Primitive Baptist Church,34,34,133,112,71,248.06612063664542,0.40804597701149425,0.382640637558962,0.6339285714285714,1992,2025,1992,2025,mutual_top_neighbor
New Haven Singing,New York City Singing,12,16,248,381,179,675.9944809760082,0.3977777777777778,0.37865956883998675,0.7217741935483871,2011,2025,2007,2025,mutual_top_neighbor
Northern Shenandoah Valley Singing,Potomac River Convention,24,32,301,463,210,869.9247631671645,0.37906137184115524,0.37851411684951186,0.6976744186046512,1994,2019,1992,2025,mutual_top_neighbor
Sheffield Sacred Harp Singing Day,West Yorkshire Sacred Harp Day,8,17,88,124,62,235.21500145173962,0.41333333333333333,0.3768458788630738,0.7045454545454546,2009,2018,2004,2023,mutual_top_neighbor
Pioneer Valley Singing,Western Massachusetts Sacred Harp Singing Convention,17,24,311,662,271,1076.8675379049075,0.38603988603988604,0.3764155945533495,0.8713826366559485,2002,2025,1999,2025,mutual_top_neighbor
Oxford Singing,Winchester Singing,5,8,61,87,42,165.6038464656472,0.39622641509433965,0.37626088879686037,0.6885245901639344,2020,2025,2018,2025,mutual_top_neighbor
Mt. Zion Homecoming Singing,Smyrna Sacred Harp Singing,21,19,49,70,34,131.06529242377474,0.4,0.3758685301509196,0.6938775510204082,2001,2023,2002,2025,mutual_top_neighbor
Brighton Sacred Harp Singing Day,Bristol Singing,7,9,106,153,74,290.0687791071251,0.4,0.3748589757975406,0.6981132075471698,2016,2025,2014,2024,mutual_top_neighbor
Fayette County Convention,Mt. Lebanon Church,31,32,340,375,202,740.0355751383788,0.3937621832358674,0.37416461874465745,0.5941176470588235,1993,2025,1992,2024,mutual_top_neighbor
Moon and Guthrie Memorial,"Parker, Hollis, and Putman Memorial",19,29,148,183,96,316.908657293094,0.4085106382978723,0.3737723457001514,0.6486486486486487,1992,2011,1992,2025,mutual_top_neighbor
Gum Pond Decoration Day Singing,Gum Pond Primitive Baptist Church,29,28,193,184,103,375.20183044053744,0.3759124087591241,0.37234138191165156,0.5597826086956522,1992,2020,1992,2019,mutual_top_neighbor
Chicago Anniversary Singing,University of Chicago/Hyde Park Singing,30,26,313,157,128,522.110267889964,0.3742690058479532,0.3712121145910566,0.8152866242038217,1994,2025,1998,2025,mutual_top_neighbor
Fox Valley Folk Festival,University of Chicago/Hyde Park Singing,22,26,109,157,72,297.14624522567414,0.3711340206185567,0.36789214566392986,0.6605504587155964,1993,2025,1998,2025,mutual_top_neighbor
Bloomington Singing,Higher Ground Singing,17,26,109,156,73,284.28625371040664,0.3802083333333333,0.3675360682063136,0.6697247706422018,2004,2023,1996,2025,mutual_top_neighbor
Cleburne County Convention,Edwardsville Church,31,34,165,133,84,287.00957685702474,0.3925233644859813,0.36745184972400163,0.631578947368421,1992,2023,1992,2025,mutual_top_neighbor
Sheffield Sacred Harp Singing Day,South Yorkshire Singing,8,19,88,145,65,256.3170419777374,0.3869047619047619,0.3674415274230375,0.7386363636363636,2009,2018,2008,2025,mutual_top_neighbor
Goodshaw Sacred Harp Day,West Yorkshire Sacred Harp Day,9,17,69,124,54,209.43493089403344,0.38848920863309355,0.36680901905356394,0.782608695652174,2010,2019,2004,2023,mutual_top_neighbor
Palo Alto Singing,Santa Cruz Singing,11,6,92,55,41,164.10085514469245,0.3867924528301887,0.3663041942418662,0.7454545454545455,2012,2023,2014,2025,mutual_top_neighbor
Bristol Singing,Gwehelog Singing,9,14,153,112,73,289.0947259819277,0.3802083333333333,0.3661779755852672,0.6517857142857143,2014,2024,2009,2025,mutual_top_neighbor
Dominic Ciavonne Ziegler Memorial Singing,Helwig-Coghlan Memorial Sacred Harp Singing,8,8,71,104,48,191.28913543382927,0.3779527559055118,0.36579012757948876,0.676056338028169,2013,2020,2016,2025,mutual_top_neighbor
Providence Singing,Vinemont Singing,9,12,63,83,40,144.4944982147261,0.37735849056603776,0.36560277995673174,0.6349206349206349,2010,2025,2005,2024,mutual_top_neighbor
Oxford Singing,Thanksgiving Sacred Harp Singing,5,13,61,103,46,182.18628734988778,0.3898305084745763,0.36536460987003044,0.7540983606557377,2020,2025,2011,2025,mutual_top_neighbor
Helwig-Coghlan Memorial Sacred Harp Singing,Palo Alto Singing,8,11,104,92,54,215.02632413176647,0.38028169014084506,0.36524709562880564,0.5869565217391305,2016,2025,2012,2023,mutual_top_neighbor
Cane Creek Primitive Baptist Church,Old Harmony Primitive Baptist Church,34,34,157,112,75,267.8931257384466,0.3865979381443299,0.3635764038770031,0.6696428571428571,1992,2025,1992,2025,mutual_top_neighbor
Mt. Adams Singing,Olympia Sacred Harp Singing,5,13,65,121,52,197.05518957575967,0.3880597014925373,0.3629283002443135,0.8,2014,2018,2010,2025,mutual_top_neighbor
Louisiana State Sacred Harp Convention,New Orleans Baptist Theological Seminary Spring Singing,12,6,31,14,12,54.405727827630386,0.36363636363636365,0.3629059757270751,0.8571428571428571,1992,2004,1994,2001,mutual_top_neighbor
Baylor University Sacred Harp Singing,William J. Reynolds Sacred Harp Singing,19,24,113,145,72,304.1554544132186,0.3870967741935484,0.36149768765798496,0.6371681415929203,2003,2025,1994,2025,mutual_top_neighbor
Macedonia Baptist Church,The Log Cabin Sacred Harp Singing,7,7,66,66,37,127.6636843570261,0.3894736842105263,0.3604130822155771,0.5606060606060606,1993,1999,1992,1998,mutual_top_neighbor
Cane Creek Primitive Baptist Church,Edwardsville Church,34,34,157,133,80,279.45863338627856,0.38095238095238093,0.35965408371151164,0.6015037593984962,1992,2025,1992,2025,mutual_top_neighbor
"Chafin, Harbinson, and Hollis Memorial",Walker County Convention,33,33,256,250,140,485.31270727087826,0.3825136612021858,0.3594589476098677,0.56,1992,2025,1992,2025,mutual_top_neighbor
Godsey Sisters and Sandra Spradlin Memorial Singing,Shady Grove Annual Singing,31,32,137,166,85,292.1159841096548,0.38990825688073394,0.3594311026028278,0.6204379562043796,1992,2025,1993,2025,mutual_top_neighbor
Texas State Convention,William J. Reynolds Sacred Harp Singing,29,24,282,145,111,487.8777354823392,0.3512658227848101,0.3580649108106718,0.7655172413793103,1993,2025,1994,2025,mutual_top_neighbor
Baylor University Sacred Harp Singing,Dallas County Singing,19,25,113,163,75,317.7787436982663,0.373134328358209,0.35618698882487154,0.6637168141592921,2003,2025,1999,2025,mutual_top_neighbor
Los Angeles Regional Singing,Santa Barbara Regional Singing,23,9,132,55,49,218.10618776874333,0.35507246376811596,0.3544717811389054,0.8909090909090909,1995,2017,1997,2006,mutual_top_neighbor
Mulberry River Convention,"Parker, Hollis, and Putman Memorial",32,29,201,183,108,356.9837996250142,0.391304347826087,0.3531960780479085,0.5901639344262295,1992,2025,1992,2025,mutual_top_neighbor
James River Convention,Northern Shenandoah Valley Singing,32,24,215,301,135,564.1475004986693,0.3543307086614173,0.3521799276306896,0.627906976744186,1992,2025,1994,2019,mutual_top_neighbor
New York State Convention,New York State Regional Singing - June,27,24,320,221,145,581.242210580075,0.3661616161616162,0.3515753036211013,0.6561085972850679,1992,2025,1996,2023,mutual_top_neighbor
Macedonia Baptist Church,Mountain Home Church,7,9,66,65,36,124.89322028089508,0.37894736842105264,0.3514799701309132,0.5538461538461539,1993,1999,1992,2000,mutual_top_neighbor
Mt. Ebron Church Memorial Singing,Shady Grove Annual Singing,28,32,141,166,85,294.6974812402687,0.38288288288288286,0.3507827090165347,0.6028368794326241,1992,2019,1993,2025,mutual_top_neighbor
"Parker, Hollis, and Putman Memorial",Sanders Memorial,29,30,183,155,93,302.83329497451183,0.3795918367346939,0.3495246814162829,0.6,1992,2025,1993,2025,mutual_top_neighbor
Marion County Court House Singing,Mountain Home Church,8,9,61,65,35,117.4717247882373,0.38461538461538464,0.3494849842980457,0.5737704918032787,1993,2000,1992,2000,mutual_top_neighbor
Holly Springs Church,Holly Springs Memorial Singing,32,33,579,355,252,909.1462658519647,0.36950146627565983,0.3485376589477262,0.7098591549295775,1992,2025,1992,2025,mutual_top_neighbor
Henagar-Union Convention,The United Sacred Harp Musical Association,33,32,1046,1184,621,2240.8560917078607,0.38595400870105656,0.3479524509492332,0.5936902485659655,1992,2025,1992,2025,mutual_top_neighbor
Chicago Anniversary Singing,Midwest Convention,30,32,313,700,262,1058.6355918701818,0.3488681757656458,0.34704723506982615,0.8370607028753994,1994,2025,1992,2025,mutual_top_neighbor
Lunsford and Jolly Memorial Singing,Santa Barbara Regional Singing,22,9,120,55,45,198.77613414833309,0.34615384615384615,0.3469672326920788,0.8181818181818182,1997,2019,1997,2006,mutual_top_neighbor
Denney Memorial,Holly Springs Memorial Singing,29,33,199,355,152,517.7888525042255,0.3781094527363184,0.3465649693028518,0.7638190954773869,1995,2025,1992,2025,mutual_top_neighbor
London Singing,United Kingdom Sacred Harp Convention,16,29,220,458,178,729.9767962676373,0.356,0.3459609110015408,0.8090909090909091,2008,2025,1996,2025,mutual_top_neighbor
Northwest Pennsylvania Singing,Pittsburgh Regional Sacred Harp Singing,12,11,69,59,33,136.24652447224875,0.3473684210526316,0.3449849789338968,0.559322033898305,2008,2019,2010,2020,mutual_top_neighbor
Clear Creek Convention West,Mulberry River Convention,27,32,141,201,93,311.3720235424792,0.37349397590361444,0.34357499180398954,0.6595744680851063,1992,2019,1992,2025,mutual_top_neighbor
Cane Creek Primitive Baptist Church,Cleburne County Convention,34,31,157,165,86,300.4709644045287,0.3644067796610169,0.34301376979676307,0.5477707006369427,1992,2025,1992,2023,mutual_top_neighbor
Old Flatwoods Primitive Baptist Church,Shady Grove (Keeton Cemetery),22,33,135,219,95,331.57876415615493,0.3667953667953668,0.3395073645958575,0.7037037037037037,1992,2014,1992,2025,mutual_top_neighbor
Furman University Singing,Pioneer Day Singing,8,19,36,60,25,106.4576018659056,0.352112676056338,0.3394327544602891,0.6944444444444444,2012,2019,2006,2025,mutual_top_neighbor
Cotaco Convention,Gum Pond Primitive Baptist Church,33,28,231,184,107,386.86836904358785,0.3474025974025974,0.33839228658779524,0.5815217391304348,1992,2025,1992,2019,mutual_top_neighbor
Lewes Sacred Harp Singing Day,Sussex Shape Note Singing,14,10,89,45,34,142.03103925052483,0.34,0.33673433302962147,0.7555555555555555,2011,2025,2011,2022,isolated_best_edge
Newcastle Upon Tyne Sacred Harp Singing,West Yorkshire Sacred Harp Day,11,17,92,124,57,224.52208972354947,0.3584905660377358,0.3349744638944903,0.6195652173913043,2006,2019,2004,2023,isolated_best_edge
Ireland Sacred Harp Singing Convention,United Kingdom Sacred Harp Convention,11,29,412,458,227,907.8608968976355,0.35303265940902023,0.33355094928874435,0.5509708737864077,2011,2025,1996,2025,mutual_top_neighbor
Cornelius Benjamin Keeton and Travis Keeton Memorial Singing,Friendship Primitive Baptist Church - April,30,32,188,147,91,294.29145731329504,0.3729508196721312,0.3323161822621001,0.6190476190476191,1992,2023,1992,2025,mutual_top_neighbor
Mt. Ebron Church Memorial Singing,Wakefield Memorial Singing,28,30,141,157,81,285.14338462448615,0.37327188940092165,0.3323043753405505,0.574468085106383,1992,2019,1994,2025,mutual_top_neighbor
All-California Sacred Harp Singing Convention,Golden Gate Singing,33,19,542,232,199,809.7235468516187,0.34608695652173915,0.33219025461840296,0.8577586206896551,1993,2025,2005,2025,mutual_top_neighbor
Dallas County Singing,Texas State Convention,25,29,163,282,111,477.2939920056527,0.3323353293413174,0.3320215189489383,0.6809815950920245,1999,2025,1993,2025,mutual_top_neighbor
Belton and Emma Beasley and Phillip Lee III Memorial Singing,Shady Grove (Keeton Cemetery),29,33,174,219,106,359.0072034059086,0.3693379790940767,0.3316962955921078,0.6091954022988506,1993,2023,1992,2025,mutual_top_neighbor
Oxford Sacred Harp Singing Day,Thanksgiving Sacred Harp Singing,20,13,119,103,57,231.5849571473037,0.34545454545454546,0.3292506921190886,0.5533980582524272,2000,2019,2011,2025,isolated_best_edge
"Alewine, Laminack, and Stephen McElroy Memorial Singing",Cleburne County Convention,32,31,112,165,73,249.38864917948183,0.35784313725490197,0.32830944334529444,0.6517857142857143,1992,2025,1992,2023,mutual_top_neighbor
Cotaco Convention,Gum Pond Decoration Day Singing,33,29,231,193,107,382.05307303371075,0.33753943217665616,0.32802158777977375,0.5544041450777202,1992,2025,1992,2020,mutual_top_neighbor
Belton and Emma Beasley and Phillip Lee III Memorial Singing,Joseph Jackson Beasley Memorial,29,11,174,107,73,248.4141309212313,0.35096153846153844,0.3250099909240193,0.6822429906542056,1993,2023,1994,2025,mutual_top_neighbor
Antioch Baptist Church,Wootten Family New Year's Eve Singing,29,27,458,300,187,725.6026534577599,0.3274956217162872,0.32478924045234886,0.6233333333333333,1993,2025,1996,2025,mutual_top_neighbor
Belton and Emma Beasley and Phillip Lee III Memorial Singing,Cornelius Benjamin Keeton and Travis Keeton Memorial Singing,29,30,174,188,95,320.81826628697684,0.35580524344569286,0.3235915858231506,0.5459770114942529,1993,2023,1992,2023,mutual_top_neighbor
James River Convention,Rivanna River Singing,32,14,215,100,78,333.1459701699021,0.3291139240506329,0.32232805399129116,0.78,1992,2025,2003,2018,mutual_top_neighbor
Shady Grove Annual Singing,Wakefield Memorial Singing,32,30,166,157,85,295.50999202675234,0.35714285714285715,0.32107930319612177,0.5414012738853503,1993,2025,1994,2025,mutual_top_neighbor
Georgia State Sacred Harp Singing Convention,Holly Springs Church,31,32,676,579,328,1161.9496788183937,0.35382955771305286,0.32055951365441154,0.5664939550949913,1992,2025,1992,2025,mutual_top_neighbor
James River Convention,Potomac River Convention,32,32,215,463,164,696.341531838069,0.31906614785992216,0.32000368376884186,0.7627906976744186,1992,2025,1992,2025,mutual_top_neighbor
Ivey Memorial Singing,Lacy Memorial,33,32,460,424,224,787.8303476826194,0.3393939393939394,0.31892127651195007,0.5283018867924528,1992,2025,1992,2025,mutual_top_neighbor
Harper Memorial Singing,Old Flatwoods Primitive Baptist Church,14,22,111,135,61,221.70727275203495,0.32972972972972975,0.3187003252472642,0.5495495495495496,1993,2008,1992,2014,mutual_top_neighbor
All-Wisconsin Sacred Harp Singing,Minnesota State Convention,33,30,266,450,175,701.4297976112059,0.3234750462107209,0.31801227723869396,0.6578947368421053,1992,2025,1994,2025,mutual_top_neighbor
"Alewine, Laminack, and Stephen McElroy Memorial Singing",Jack and Henry Kerr Memorial,32,26,112,118,60,203.28464644320303,0.35294117647058826,0.3173293645582317,0.5357142857142857,1992,2025,1995,2023,mutual_top_neighbor
Liberty Decoration Day Singing,Pine Grove Singing,30,27,374,252,160,558.5581460506855,0.34334763948497854,0.3169822018291855,0.6349206349206349,1995,2025,1998,2025,mutual_top_neighbor
Antioch Baptist Church,State Line Church,29,31,458,414,224,790.777844862902,0.345679012345679,0.316801736677468,0.5410628019323671,1993,2025,1992,2025,mutual_top_neighbor
Cleburne County Convention,McWhorter Memorial,31,15,165,92,63,221.2389362603334,0.3247422680412371,0.3162729333358515,0.6847826086956522,1992,2023,1995,2009,isolated_best_edge
Bethel Primitive Baptist Church - Mississippi,Calhoun County Sacred Harp Musical Association,16,14,82,61,33,138.73244926960334,0.3,0.31577850447782035,0.5409836065573771,1992,2019,2009,2025,mutual_top_neighbor
Andrew's Chapel Singing,Emmaus Primitive Baptist Church Singing - Thomaston,18,9,72,48,29,106.27673767579135,0.31868131868131866,0.3151666205328549,0.6041666666666666,2008,2025,2012,2020,mutual_top_neighbor
Godsey Sisters and Sandra Spradlin Memorial Singing,Mt. Ebron Church Memorial Singing,31,28,137,141,72,247.34894270500777,0.34951456310679613,0.31516145307674626,0.5255474452554745,1992,2025,1992,2019,mutual_top_neighbor
Alabama Sacred Harp Musical Association,Lookout Mountain Convention,32,32,769,687,383,1302.24643412902,0.3569431500465983,0.3151519635778814,0.5574963609898108,1992,2025,1992,2025,mutual_top_neighbor
Emory Sacred Harp Singing,Jack Smith Memorial Singing,18,19,140,120,64,232.6759701396278,0.32653061224489793,0.31400320040141,0.5333333333333333,2005,2025,2001,2019,mutual_top_neighbor
Emory Sacred Harp Singing,Seed and Feed Sacred Harp Singing,18,31,140,166,77,278.0926726723852,0.33624454148471616,0.3138728006743098,0.55,2005,2025,1992,2025,mutual_top_neighbor
Higher Ground Singing,Illinois State Sacred Harp Convention,26,28,156,194,88,333.1993414235761,0.33587786259541985,0.31384166607028896,0.5641025641025641,1996,2025,1995,2025,mutual_top_neighbor
Burnham and Brown Memorial,Rogers Memorial Singing,32,33,278,265,144,466.3982823202008,0.3609022556390977,0.31379762869911776,0.5433962264150943,1992,2025,1992,2025,mutual_top_neighbor
Andrew's Chapel Singing,Middle Georgia Sacred Harp Singing,18,20,72,85,39,140.6660484732766,0.3305084745762712,0.3137331221223376,0.5416666666666666,2008,2025,2004,2025,mutual_top_neighbor
Eugene Singing,Olympia Sacred Harp Singing,21,13,121,121,62,242.52615797902305,0.34444444444444444,0.3129815970430407,0.512396694214876,1998,2019,2010,2025,isolated_best_edge
Cincinnati New Year's Singing,Ohio State Convention,28,31,134,353,114,489.4992660908529,0.30563002680965146,0.3123671708987218,0.8507462686567164,1994,2025,1993,2025,mutual_top_neighbor
Godsey Sisters and Sandra Spradlin Memorial Singing,Kermit Adams and Steve Adams Memorial Singing,31,33,137,215,87,316.2875615801872,0.3283018867924528,0.31232914722167876,0.635036496350365,1992,2025,1992,2025,mutual_top_neighbor
Golden Gate Singing,Helwig-Coghlan Memorial Sacred Harp Singing,19,8,232,104,81,326.4901837243588,0.3176470588235294,0.311026237085114,0.7788461538461539,2005,2025,2016,2025,mutual_top_neighbor
"Chafin, Harbinson, and Hollis Memorial",Reid Memorial,33,34,256,346,153,510.396191602449,0.34075723830734966,0.3106937840084418,0.59765625,1992,2025,1992,2025,mutual_top_neighbor
Bear Creek Convention,Kermit Adams and Steve Adams Memorial Singing,18,33,92,215,75,277.6959047572467,0.3232758620689655,0.31040431430830223,0.8152173913043478,1992,2009,1992,2025,mutual_top_neighbor
Macedonia Baptist Church,Pine Tucky Church,7,10,66,60,32,109.43708167745191,0.3404255319148936,0.30963926319875185,0.5333333333333333,1993,1999,1992,2001,mutual_top_neighbor
Lacy Memorial,Liberty Decoration Day Singing,32,30,424,374,196,693.3699417498968,0.32558139534883723,0.3088680399942976,0.5240641711229946,1992,2025,1995,2025,mutual_top_neighbor
Pioneer Day Singing,South Carolina State Singing in Memory of William Walker,19,16,60,59,31,120.54273444212606,0.3522727272727273,0.3077467385732953,0.5254237288135594,2006,2025,2008,2025,mutual_top_neighbor
"Alexander, Hullett, Lowe, Brothers, Hyatt, Putman, and Wootten Memorial",Hopewell Homecoming,31,32,271,469,178,647.4020181129313,0.3167259786476868,0.30772259776183136,0.6568265682656826,1992,2025,1992,2025,mutual_top_neighbor
Maine Singing,Shaker Meetinghouse and Francis Bliss Memorial Singing,20,12,262,118,91,350.35309925623,0.314878892733564,0.3073537719889881,0.7711864406779662,2004,2025,2010,2025,mutual_top_neighbor
H. R. Avery Memorial Singing,Smyrna Sacred Harp Singing,25,19,95,70,40,155.72555671222432,0.32,0.30728204536285625,0.5714285714285714,1997,2025,2002,2025,mutual_top_neighbor
Hopewell Primitive Baptist Church,Rogers Memorial Singing,34,33,234,265,118,430.380516612383,0.30971128608923887,0.30702498566070885,0.5042735042735043,1992,2025,1992,2025,mutual_top_neighbor
Eldridge Schoolhouse Singing,Higher Ground Singing,16,26,90,156,59,228.62935666928678,0.3155080213903743,0.3056750988539147,0.6555555555555556,2007,2025,1996,2025,mutual_top_neighbor
Montreal Singing,Quebec Convention,7,19,123,150,67,265.0521228763047,0.32524271844660196,0.3047434038510624,0.5447154471544715,2016,2025,1998,2019,mutual_top_neighbor
Central Pennsylvania Sacred Harp All-Day Singing,Oliver Kindig-Stokes Memorial Singing,7,14,164,193,86,328.30954229937373,0.3173431734317343,0.30419570673642204,0.524390243902439,2010,2016,2009,2025,isolated_best_edge
Camp Fasola Singing School,Independence Day Singing,11,31,424,644,256,951.2675176245293,0.31527093596059114,0.30402290764471995,0.6037735849056604,2008,2018,1992,2025,mutual_top_neighbor
Calhoun County Sacred Harp Musical Association,Hill Roane Memorial,14,11,61,33,23,89.4510179197095,0.323943661971831,0.3038522562858294,0.696969696969697,2009,2025,2006,2019,mutual_top_neighbor
Henagar-Union Convention,Ivey Memorial Singing,33,33,1046,460,367,1351.502076918213,0.3222124670763828,0.3035589036291881,0.7978260869565217,1992,2025,1992,2025,mutual_top_neighbor
Dominic Ciavonne Ziegler Memorial Singing,Old Felta Schoolhouse Singing,8,5,71,71,33,129.63243608002776,0.30275229357798167,0.3020313834971758,0.4647887323943662,2013,2020,2015,2019,mutual_top_neighbor
Kermit Adams and Steve Adams Memorial Singing,Winston County Convention,33,32,215,230,110,390.4486731696339,0.3283582089552239,0.3016275238768727,0.5116279069767442,1992,2025,1992,2025,isolated_best_edge
Bear Creek Convention,The Log Cabin Sacred Harp Singing,18,7,92,66,38,134.87346493143198,0.31666666666666665,0.3009325097981029,0.5757575757575758,1992,2009,1992,1998,mutual_top_neighbor
Cherry Tree Singing,Marion County Court House Singing,17,8,88,61,37,123.3884205170307,0.33035714285714285,0.30041837204068145,0.6065573770491803,1992,2009,1993,2000,mutual_top_neighbor
Mountain Home Church,The Log Cabin Sacred Harp Singing,9,7,65,66,33,109.67405153151822,0.336734693877551,0.2997642993228657,0.5076923076923077,1992,2000,1992,1998,mutual_top_neighbor
Holly Springs Memorial Singing,Mt. Zion Memorial,33,34,355,310,160,561.2540830832231,0.31683168316831684,0.29875352997523236,0.5161290322580645,1992,2025,1992,2025,mutual_top_neighbor
"Albright, Cates, Brown, and Sheppard Memorial Singing",Cleburne County Convention,32,31,194,165,88,293.9675328825523,0.3247232472324723,0.2967909452484572,0.5333333333333333,1992,2025,1992,2023,isolated_best_edge
Calhoun County Sacred Harp Musical Association,Taylor Singing,14,17,61,62,29,119.6730710280315,0.30851063829787234,0.2963549721409693,0.47540983606557374,2009,2025,2006,2025,mutual_top_neighbor
Cincinnati New Year's Singing,Kentucky State Sacred Harp Singing,28,33,134,127,62,260.0016459249473,0.31155778894472363,0.29578272614455486,0.4881889763779528,1994,2025,1992,2025,mutual_top_neighbor
Cleburne County Convention,Labor Day Singing,31,34,165,285,109,370.39285336452934,0.3196480938416422,0.2948508175269665,0.6606060606060606,1992,2023,1992,2025,isolated_best_edge
Michiana Singing,Midwest Convention,30,32,378,700,259,980.9039244862375,0.3162393162393162,0.29461759217620564,0.6851851851851852,1993,2025,1992,2025,mutual_top_neighbor
Burnham and Brown Memorial,Calhoun County Convention,32,32,278,175,108,364.30647167754347,0.3130434782608696,0.2928807924735823,0.6171428571428571,1992,2025,1992,2023,mutual_top_neighbor
Mount Vernon Primitive Baptist Church,Mt. Oak Methodist Church,12,15,60,64,29,112.14268052568137,0.30526315789473685,0.29144222948089704,0.48333333333333334,1992,2003,1993,2007,mutual_top_neighbor
Jack Smith Memorial Singing,Seed and Feed Sacred Harp Singing,19,31,120,166,68,246.0558785193212,0.3119266055045872,0.29091665139742484,0.5666666666666667,2001,2019,1992,2025,mutual_top_neighbor
Baylor University Sacred Harp Singing,Texas State Convention,19,29,113,282,90,381.68699718016194,0.29508196721311475,0.29018038841220045,0.7964601769911505,2003,2025,1993,2025,mutual_top_neighbor
Moon and Guthrie Memorial,Mulberry River Convention,19,32,148,201,83,278.54018709678235,0.31203007518796994,0.2897405721620318,0.5608108108108109,1992,2011,1992,2025,mutual_top_neighbor
Augusta Sacred Harp Singing,Savannah Sacred Harp Singing,8,10,28,44,16,71.78009963050914,0.2857142857142857,0.28969492240014516,0.5714285714285714,2011,2018,2005,2015,mutual_top_neighbor
Alpharetta Municipal Building,Oak Grove Primitive Baptist Church - Alpharetta,33,29,138,91,54,197.41649695817398,0.30857142857142855,0.28969455567587327,0.5934065934065934,1992,2025,1992,2017,mutual_top_neighbor
Columbia Singing,Missouri State Convention,26,29,125,359,103,450.11687848931723,0.27034120734908135,0.28957538245533554,0.824,1995,2019,1992,2025,mutual_top_neighbor
Cotaco Convention,"Putnam, Light, and King Memorial Singing",33,28,231,117,80,287.1770149461982,0.29850746268656714,0.28928753310116506,0.6837606837606838,1992,2025,1995,2025,mutual_top_neighbor
Hillabee Sacred Harp Convention,Mt. Zion Homecoming Singing,17,21,59,49,25,101.0672788599798,0.30120481927710846,0.2889304555895136,0.5102040816326531,1999,2021,2001,2023,mutual_top_neighbor
Cork All-Day Singing,Ireland Sacred Harp Singing Convention,13,11,138,412,122,515.3693661645862,0.2850467289719626,0.28841819841994343,0.8840579710144928,2011,2025,2011,2025,mutual_top_neighbor
Mt. Zion Memorial,University of West Georgia,34,28,310,171,116,390.0109165247853,0.3178082191780822,0.2880611086415662,0.6783625730994152,1992,2025,1993,2020,mutual_top_neighbor
Cincinnati New Year's Singing,Yellow Springs,28,17,134,87,50,213.42152047724176,0.29239766081871343,0.2850149885259804,0.5747126436781609,1994,2025,1995,2003,mutual_top_neighbor
Harry Eskew Sacred Harp Singing,Louisiana State Sacred Harp Convention,6,12,14,31,10,45.435270674051324,0.2857142857142857,0.2849272794022736,0.7142857142857143,2001,2007,1992,2004,mutual_top_neighbor
Chestnut Grove Church,Shady Grove Decoration Day Singing,22,7,129,86,49,186.34124696770994,0.29518072289156627,0.28433752261974427,0.5697674418604651,1992,2013,2004,2013,mutual_top_neighbor
All-Wisconsin Sacred Harp Singing,Midwest Convention,33,32,266,700,216,869.647092343652,0.288,0.2839875614878647,0.8120300751879699,1992,2025,1992,2025,mutual_top_neighbor
Newcastle Upon Tyne Sacred Harp Singing,Scotland Singing,11,11,92,99,44,177.59981465633987,0.29931972789115646,0.28229494085891044,0.4782608695652174,2006,2019,2013,2025,isolated_best_edge
Quebec Convention,Vermont State Singing,19,25,150,265,91,385.232806711625,0.2808641975308642,0.2818204214879771,0.6066666666666667,1998,2019,1997,2024,mutual_top_neighbor
"Futral, Nelson, and Henry Memorial Singing",Mt. Zion Homecoming Singing,17,21,65,49,27,103.07559654972894,0.3103448275862069,0.28179485231276014,0.5510204081632653,2002,2018,2001,2023,mutual_top_neighbor
Capitol City Shape Note Singing,Tri-County Sacred Harp Singing,12,7,85,40,28,109.43179924375521,0.28865979381443296,0.2815122393853527,0.7,2010,2025,2013,2019,mutual_top_neighbor
Chattahoochee Sacred Harp Convention,Georgia State Sacred Harp Singing Convention,31,31,488,676,276,961.5894822976461,0.3108108108108108,0.2810596882213251,0.5655737704918032,1992,2024,1992,2025,mutual_top_neighbor
Emmaus Baptist Church - Carrollton,University of West Georgia,16,28,104,171,63,218.85569794043298,0.2971698113207547,0.28081261841341887,0.6057692307692307,1992,2007,1993,2020,mutual_top_neighbor
Moon and Guthrie Memorial,Sanders Memorial,19,30,148,155,72,228.08319995064517,0.3116883116883117,0.28042773642001595,0.4864864864864865,1992,2011,1993,2025,mutual_top_neighbor
Bainbridge Island Sacred Harp Singing,Mt. Adams Singing,6,5,93,65,37,135.45745220254145,0.30578512396694213,0.27996571511689844,0.5692307692307692,2017,2024,2014,2018,mutual_top_neighbor
Mountain Heritage Day Singing,South Carolina State Singing in Memory of William Walker,11,16,55,59,26,103.58349834195003,0.29545454545454547,0.27962577188141774,0.4727272727272727,2008,2018,2008,2025,mutual_top_neighbor
Poplar Springs Church,Shiloh-Little Vine Singing,15,29,108,121,52,182.71183405235146,0.2937853107344633,0.2795581566455599,0.48148148148148145,1992,2006,1992,2020,mutual_top_neighbor
Old Enon Church,Tom Harper and Ganus Wakefield Memorial,19,17,129,157,66,231.45441780473521,0.3,0.2787692797112141,0.5116279069767442,1992,2013,1992,2008,mutual_top_neighbor
Alabama Sacred Harp Musical Association,The United Sacred Harp Musical Association,32,32,769,1184,473,1623.5341075026502,0.3195945945945946,0.27809165109543976,0.6150845253576073,1992,2025,1992,2025,mutual_top_neighbor
Germany Sacred Harp Convention,Poland Sacred Harp Singing Convention,10,8,229,184,92,385.304935174817,0.2866043613707165,0.2779870117489597,0.5,2014,2025,2009,2018,mutual_top_neighbor
"Chafin, Harbinson, and Hollis Memorial",County Line Church,33,33,256,307,133,435.083702873096,0.30930232558139537,0.2770443339541498,0.51953125,1992,2025,1992,2025,mutual_top_neighbor
Ebenezer Mennonite Old Schoolhouse Singing,Yellow Springs,5,17,39,87,29,118.09708918846356,0.29896907216494845,0.27617872899996343,0.7435897435897436,1995,2002,1995,2003,mutual_top_neighbor
New Hope Church,Providence Singing,33,9,132,63,42,161.99670540022032,0.27450980392156865,0.27581509516190233,0.6666666666666666,1993,2025,2010,2025,mutual_top_neighbor
Mt. Oak Methodist Church,"Putnam, Light, and King Memorial Singing",15,28,64,117,38,147.73897887333635,0.26573426573426573,0.27570760350791584,0.59375,1993,2007,1995,2025,mutual_top_neighbor
Bethel Primitive Baptist Church - Mississippi,Taylor Singing,16,17,82,62,30,130.84829094624712,0.2631578947368421,0.2753318318639234,0.4838709677419355,1992,2019,2006,2025,mutual_top_neighbor
Alvis Brothers - B. I. Wood Memorial Singing,Mount Moriah Primitive Baptist Church,19,18,103,96,47,174.96548232436214,0.3092105263157895,0.2734951410081265,0.4895833333333333,1992,2010,1992,2004,mutual_top_neighbor
Church Music Heritage and Fall Festival,Mattox Memorial Singing,7,14,25,51,16,65.4004287220788,0.26666666666666666,0.2729636443616803,0.64,2005,2011,1992,2007,mutual_top_neighbor
Alvis Brothers - B. I. Wood Memorial Singing,Warrior River - Clear Creek Convention,19,12,103,214,70,281.41589368117974,0.2834008097165992,0.27261448273889277,0.6796116504854369,1992,2010,1992,2003,mutual_top_neighbor
Georgia State Sacred Harp Singing Convention,Union Musical Convention,31,33,676,377,237,857.2010066189174,0.29044117647058826,0.27189519345077645,0.6286472148541115,1992,2025,1992,2025,mutual_top_neighbor
Chattahoochee Sacred Harp Convention,Holly Springs Church,31,32,488,579,244,860.2453945554274,0.29647630619684084,0.27118345581690945,0.5,1992,2024,1992,2025,mutual_top_neighbor
Jones Chapel Sacred Harp Memorial Singing - July,Rock Creek-Mountain Home,8,16,61,97,35,124.87913843569783,0.2845528455284553,0.2706422810332383,0.5737704918032787,1993,1999,1992,2007,mutual_top_neighbor
Bethel Primitive Baptist Church - Mississippi,Hill Roane Memorial,16,11,82,33,24,99.2494962039626,0.26373626373626374,0.27029579883215005,0.7272727272727273,1992,2019,2006,2019,mutual_top_neighbor
Liberty Hill Baptist Church,Mount Moriah Primitive Baptist Church,6,18,41,96,30,115.20174361171428,0.2803738317757009,0.26994586118873226,0.7317073170731707,1992,1997,1992,2004,mutual_top_neighbor
"Elder Homer Benefield, Katherine Benefield, and Mildred Johnson Memorial",State Line Church,28,31,171,414,129,451.5592404812365,0.28289473684210525,0.26886912859157114,0.7543859649122807,1995,2024,1992,2025,mutual_top_neighbor
Andrew's Chapel Singing,South Georgia Sacred Harp Singing Convention,18,32,72,121,44,161.37810076767025,0.2953020134228188,0.2681566994453198,0.6111111111111112,2008,2025,1993,2025,mutual_top_neighbor
Alpharetta Municipal Building,DeLong-Roberts Memorial Singing,33,28,138,229,78,291.7479473249938,0.2698961937716263,0.2646509683922114,0.5652173913043478,1992,2025,1992,2019,mutual_top_neighbor
Ebenezer Mennonite Old Schoolhouse Singing,Oberlin Sacred Harp Singing,5,10,39,56,21,82.7097859308583,0.28378378378378377,0.2632238627132625,0.5384615384615384,1995,2002,1998,2007,mutual_top_neighbor
Elmore Center Singing,Lamar and Pickens Counties Convention,28,31,92,143,50,185.32974440593364,0.2702702702702703,0.26190797143136996,0.5434782608695652,1993,2020,1992,2025,mutual_top_neighbor
New Hope Church,Vinemont Singing,33,12,132,83,46,170.22788327149624,0.27218934911242604,0.26172365707416184,0.5542168674698795,1993,2025,2005,2024,mutual_top_neighbor
New York State Convention,New York State Regional Singing - April,27,21,320,93,83,359.82890144376705,0.2515151515151515,0.26161602525929356,0.8924731182795699,1992,2025,1998,2025,mutual_top_neighbor
Middle Georgia Sacred Harp Singing,South Georgia Sacred Harp Singing Convention,20,32,85,121,45,168.7710757989055,0.2795031055900621,0.2600740127990605,0.5294117647058824,2004,2025,1993,2025,mutual_top_neighbor
Eldridge Schoolhouse Singing,Indiana State Fair Singing,16,7,90,40,27,106.11651524125945,0.2621359223300971,0.2592672027221194,0.675,2007,2025,2015,2025,mutual_top_neighbor
Friendship Primitive Baptist Church - August,Friendship Primitive Baptist Church - January,5,6,42,56,21,67.22481878960328,0.2727272727272727,0.25691234517751904,0.5,2000,2004,1998,2003,mutual_top_neighbor
Bloomington Singing,Indiana State Fair Singing,17,7,109,40,31,121.85718463454955,0.2627118644067797,0.25667466346803575,0.775,2004,2023,2015,2025,mutual_top_neighbor
Jones Chapel Sacred Harp Memorial Singing - July,Ryan Creek Convention,8,13,61,72,28,98.62580122714343,0.26666666666666666,0.2553180943223771,0.45901639344262296,1993,1999,1995,2007,mutual_top_neighbor
Mt. Oak Methodist Church,Sharon Jordan Leach Memorial Singing,15,28,64,175,48,186.94529982819117,0.2513089005235602,0.25493082036362175,0.75,1993,2007,1992,2019,mutual_top_neighbor
Mountain Heritage Day Singing,Swannanoa Gathering Shape Note Singing,11,14,55,78,27,110.69596432999514,0.25471698113207547,0.2548224588761773,0.4909090909090909,2008,2018,2007,2023,mutual_top_neighbor
Columbia Singing,Northeast Missouri Memorial Day Singing,26,10,125,66,41,169.24856002149676,0.2733333333333333,0.25356164452480373,0.6212121212121212,1995,2019,2013,2024,mutual_top_neighbor
Jones Chapel Sacred Harp Memorial Singing - November,Liberty Church - Helicon,8,5,76,40,26,84.9573374560682,0.28888888888888886,0.25334416032946344,0.65,1992,1999,1993,1996,mutual_top_neighbor
Camp Fasola,Independence Day Singing,7,31,359,644,214,758.0998465214346,0.27122940430925224,0.2515000537767277,0.596100278551532,2003,2023,1992,2025,mutual_top_neighbor
DeLong-Roberts Memorial Singing,Union Musical Convention,28,33,229,377,125,463.5997948015349,0.2598752598752599,0.25026706180431163,0.5458515283842795,1992,2019,1992,2025,mutual_top_neighbor
Garden State Singing Convention,Potomac River Convention,23,32,256,463,151,592.7545704905584,0.2658450704225352,0.25006297394707017,0.58984375,1993,2018,1992,2025,mutual_top_neighbor
Barrett Patton's Christmas Singing,St. Joseph's On the Mountain Episcopal Church,8,6,65,64,26,89.74685220778666,0.2524271844660194,0.24936468927275698,0.40625,2014,2023,2013,2018,mutual_top_neighbor
Martin Blackmon Memorial,New Hope Memorial Singing,6,10,55,57,23,83.0637016890663,0.25842696629213485,0.2478896789972415,0.41818181818181815,1992,1997,1992,2005,mutual_top_neighbor
Germany Sacred Harp Convention,Oslo Sacred Harp Singing,10,7,229,92,69,276.20375425579584,0.27380952380952384,0.24561069954266723,0.75,2014,2025,2015,2025,mutual_top_neighbor
Jack Smith Memorial Singing,Spivey Hall Singing,19,17,120,108,46,170.637429374572,0.25274725274725274,0.24329349948631343,0.42592592592592593,2001,2019,2003,2019,mutual_top_neighbor
Gilliland and Brothers Memorial Singing,Liberty Hill Baptist Church,8,6,116,41,31,120.24248959283716,0.24603174603174602,0.2431338120379267,0.7560975609756098,1992,2001,1992,1997,mutual_top_neighbor
Oxford City Hall,Taylor Singing,31,17,198,62,46,204.22130268041428,0.21495327102803738,0.24255399040711625,0.7419354838709677,1992,2025,2006,2025,mutual_top_neighbor
"Stephenson, Wall, and Hocutt Memorial","W.A. Parker, Mr. and Mrs. Joe Myers, and Elsie Beasley Memorial",27,19,113,113,48,154.36886148572412,0.2696629213483146,0.2422131610145921,0.4247787610619469,1992,2024,1992,2013,mutual_top_neighbor
Gum Pond Primitive Baptist Church,"Putnam, Light, and King Memorial Singing",28,28,184,117,62,217.3758240204652,0.2594142259414226,0.24190030412549784,0.5299145299145299,1992,2019,1995,2025,mutual_top_neighbor
Emmaus Baptist Church - Carrollton,New Hope Memorial Singing,16,10,104,57,34,118.42336037574547,0.2677165354330709,0.24058297221170982,0.5964912280701754,1992,2007,1992,2005,mutual_top_neighbor
Jones Chapel Sacred Harp Memorial Singing - November,Rock Creek-Mountain Home,8,16,76,97,35,123.09703738880049,0.2536231884057971,0.24006443270687491,0.4605263157894737,1992,1999,1992,2007,mutual_top_neighbor
Mid-Michigan Singing,Pauline Creel Childers Memorial Singing,16,10,76,122,40,149.04925607073483,0.25316455696202533,0.2392410842093053,0.5263157894736842,2009,2025,2001,2010,mutual_top_neighbor
Gilliland and Brothers Memorial Singing,Mount Moriah Primitive Baptist Church,8,18,116,96,42,158.9164485501451,0.24705882352941178,0.23809560511752265,0.4375,1992,2001,1992,2004,mutual_top_neighbor
Garden State Singing Convention,New York State Convention,23,27,256,320,117,450.17887037766826,0.2549019607843137,0.23635007019041993,0.45703125,1993,2018,1992,2025,mutual_top_neighbor
Cross Roads Church,State Line Church,29,31,269,414,142,472.9907903536457,0.26247689463955637,0.23487927971731382,0.5278810408921933,1992,2017,1992,2025,mutual_top_neighbor
Cullman County Sacred Harp Convention,"Moore, Graves, and Calvert Memorial",32,33,493,267,156,533.2536411497464,0.2582781456953642,0.23454683164446957,0.5842696629213483,1992,2025,1992,2025,mutual_top_neighbor
Old Union Baptist Church,Sullins School House,5,9,75,52,28,91.31668552835393,0.2828282828282828,0.23439383078691678,0.5384615384615384,1992,1997,1992,2000,mutual_top_neighbor
Alvis Brothers - B. I. Wood Memorial Singing,Gilliland and Brothers Memorial Singing,19,8,103,116,42,168.28145522542482,0.23728813559322035,0.2339654520676486,0.4077669902912621,1992,2010,1992,2001,mutual_top_neighbor
Aldridge Memorial,Hopewell Homecoming,28,32,441,469,190,632.8652568578049,0.2638888888888889,0.23220253101944435,0.4308390022675737,1992,2019,1992,2025,mutual_top_neighbor
New York State Regional Singing - February,New York State Regional Singing - June,19,24,90,221,59,239.6295227634333,0.23412698412698413,0.23024157868110054,0.6555555555555556,1997,2015,1996,2023,mutual_top_neighbor
