singing,region_id,region_size,mapped_minutes_total,located_minutes,location_count,latitude,longitude,mean_latitude,mean_longitude,state_province,country,city,county,location_p90_miles,location_max_miles,location_mean_miles
Alpharetta Municipal Building,S001,17,33,30,4,34.074989,-84.293225,34.072450,-84.282860,GA,USA,Alpharetta,,3.8336561374757454,3.8336561374757454,0.7011693870552568
B.M. Smith Memorial Singing,S001,17,8,8,1,34.379148,-85.174968,34.379148,-85.174968,GA,USA,Armuchee,,0.0,0.0,0.0
Chattahoochee Sacred Harp Convention,S001,17,31,30,1,33.556988,-84.966111,33.556988,-84.966111,GA,USA,Whitesburg,,0.0,0.0,0.0
DeLong-Roberts Memorial Singing,S001,17,28,25,3,33.970467,-84.338826,33.861426,-84.482953,GA,USA,Dunwoody,,46.2580139261074,46.2580139261074,14.70737341294133
Denney Memorial,S001,17,29,29,2,33.516981,-85.087110,33.482493,-85.094884,GA,USA,Carrollton,,8.789473799122414,8.789473799122414,2.424682427344114
Emmaus Baptist Church - Carrollton,S001,17,16,13,1,33.516981,-85.087110,33.516981,-85.087110,GA,USA,Carrollton,,0.0,0.0,0.0
Flat Shoals Primitive Baptist Church Singing,S001,17,15,15,1,33.606238,-84.175965,33.606238,-84.175965,GA,USA,Stockbridge,,0.0,0.0,0.0
Georgia State Sacred Harp Singing Convention,S001,17,31,28,9,33.775122,-84.683068,33.780900,-84.641195,GA,USA,Carrollton,,34.26666810120831,80.96041805045822,32.35411283562896
Holly Springs Church,S001,17,32,29,1,33.683408,-85.149538,33.683408,-85.149538,GA,USA,Bremen,,0.0,0.0,0.0
Holly Springs Memorial Singing,S001,17,33,30,1,33.683408,-85.149538,33.683408,-85.149537,GA,USA,Bremen,,0.0,0.0,0.0
Martin Blackmon Memorial,S001,17,6,3,1,33.729666,-84.901310,33.729666,-84.901310,GA,USA,Villa Rica,,0.0,0.0,0.0
Mt. Zion Memorial,S001,17,34,29,1,33.635849,-85.186858,33.635849,-85.186858,GA,USA,Mt Zion,,0.0,0.0,0.0
New Hope Memorial Singing,S001,17,10,9,1,33.729666,-84.901310,33.729666,-84.901310,GA,USA,Villa Rica,,0.0,0.0,0.0
Oak Grove Primitive Baptist Church - Alpharetta,S001,17,29,23,1,34.165021,-84.318133,34.165021,-84.318133,GA,USA,Alpharetta,,0.0,0.0,0.0
Salem United Methodist Church,S001,17,18,18,1,34.247991,-85.474354,34.247991,-85.474354,AL,USA,Cedar Bluff,,0.0,0.0,0.0
Union Musical Convention,S001,17,33,29,8,33.970467,-84.229057,33.980741,-84.256070,GA,USA,Alpharetta,,14.732208008229128,65.19199319552989,10.551094253458361
University of West Georgia,S001,17,28,26,2,33.572743,-85.105687,33.572694,-85.105593,GA,USA,Carrollton,,0.0,0.16462318868541267,0.006331661103285103
Bear Creek Convention,S002,14,18,15,1,34.188949,-87.425988,34.188949,-87.425988,AL,USA,Double Springs,,0.0,0.0,0.0
Cherry Tree Singing,S002,14,17,14,1,34.162542,-88.203603,34.162542,-88.203603,MS,USA,Tremont,,0.0,0.0,0.0
Clifford Wakefield Memorial,S002,14,31,28,1,34.103610,-87.572780,34.103610,-87.572780,AL,USA,Haleyville,,0.0,0.0,0.0
Godsey Sisters and Sandra Spradlin Memorial Singing,S002,14,31,29,2,34.188949,-87.425988,34.186778,-87.423646,AL,USA,Double Springs,,0.0,2.914789830983236,0.20101998834367144
Kermit Adams and Steve Adams Memorial Singing,S002,14,33,30,1,34.188949,-87.425988,34.188949,-87.425988,AL,USA,Double Springs,,0.0,0.0,0.0
Macedonia Baptist Church,S002,14,7,5,1,34.208548,-87.543024,34.208548,-87.543024,AL,USA,Haleyville,,0.0,0.0,0.0
Marion County Court House Singing,S002,14,8,6,1,34.142114,-87.989100,34.142114,-87.989100,AL,USA,Hamilton,,0.0,0.0,0.0
Mountain Home Church,S002,14,9,6,1,34.259162,-87.730600,34.259162,-87.730600,AL,USA,Bear Creek,,0.0,0.0,0.0
Mt. Ebron Church Memorial Singing,S002,14,28,25,1,34.117590,-87.444589,34.117590,-87.444589,AL,USA,Double Springs,,0.0,0.0,0.0
Pine Tucky Church,S002,14,10,7,1,34.077980,-87.377503,34.077980,-87.377503,AL,USA,Double Springs,,0.0,0.0,0.0
Shady Grove Annual Singing,S002,14,32,30,1,34.188949,-87.425988,34.188949,-87.425988,AL,USA,Double Springs,,0.0,0.0,0.0
Wakefield Memorial Singing,S002,14,30,28,1,34.103610,-87.572780,34.103610,-87.572780,AL,USA,Haleyville,,0.0,0.0,0.0
Winston County Convention,S002,14,32,29,1,34.188949,-87.425988,34.188949,-87.425988,AL,USA,Double Springs,,0.0,0.0,0.0
Brighton Sacred Harp Singing Day,S003,18,7,7,1,50.835616,-0.149376,50.835616,-0.149376,England,United Kingdom,Brighton,East Sussex,0.0,0.0,0.0
Bristol Singing,S003,18,9,9,3,51.498755,-2.518287,51.492653,-2.558391,England,United Kingdom,Frenchay,Bristol,6.8108549466924995,6.8108549466924995,1.8412241862045466
Cork All-Day Singing,S003,18,13,13,6,51.894392,-8.480369,51.893877,-8.478729,Munster,Ireland,Cork,County Cork,0.5907043287961533,1.3645366015318843,0.28116130220304303
Gwehelog Singing,S003,18,14,14,2,51.736777,-2.885652,51.738318,-2.889823,Wales,United Kingdom,Usk,Monmouthshire,0.0,2.9097271960809947,0.20783765686292818
Ireland Sacred Harp Singing Convention,S003,18,11,11,5,51.894982,-8.480740,51.894127,-8.481679,Munster,Ireland,Cork,County Cork,0.48664649831686146,0.5556501916978049,0.16670259588091774
Lewes Sacred Harp Singing Day,S003,18,14,14,2,50.881170,0.006867,50.880722,0.007589,England,United Kingdom,Lewes,East Sussex,0.0,0.6177199860813674,0.0441228561486691
London Singing,S003,18,16,16,4,51.569981,-0.149087,51.562332,-0.174512,England,United Kingdom,London,Greater London,4.56664500971766,4.56664500971766,1.6989319880944245
Oxford Sacred Harp Singing Day,S003,18,20,20,2,51.751635,-1.296920,51.751668,-1.296227,England,United Kingdom,Botley,Oxfordshire,0.198162685291692,0.198162685291692,0.029724402793753803
Oxford Singing,S003,18,5,4,1,51.751856,-1.292301,51.751856,-1.292301,England,United Kingdom,Oxford,Oxfordshire,0.0,0.0,0.0
Paris Sacred Harp Singing,S003,18,5,5,5,48.847552,2.306673,48.818270,2.217350,Paris,France,Chaville,,17.392087143413157,25.584272922334094,7.053144201869228
Poland Sacred Harp Singing Convention,S003,18,8,8,7,52.240824,21.017080,52.243537,21.016282,,Poland,Warszawa,,0.794742388945773,0.7967487201525318,0.4410218801743392
Sussex Shape Note Singing,S003,18,10,10,1,51.036759,-0.179271,51.036759,-0.179271,England,United Kingdom,Haywards Heath,West Sussex,0.0,0.0,0.0
Thanksgiving Sacred Harp Singing,S003,18,13,13,1,51.614015,-0.596353,51.614015,-0.596353,England,United Kingdom,Beaconsfield,Buckinghamshire,0.0,0.0,0.0
Winchester Singing,S003,18,8,8,1,51.066703,-1.321208,51.066703,-1.321208,England,United Kingdom,Winchester,,0.0,0.0,0.0
Alabama Sacred Harp Musical Association,S004,17,32,29,4,33.653620,-86.707432,33.637880,-86.715739,AL,USA,Birmingham,,14.963243874213969,43.478915499491826,7.731659143189657
Aldridge Memorial,S004,17,28,25,1,33.841299,-87.614917,33.841299,-87.614917,AL,USA,Eldridge,,0.0,0.0,0.0
"Alexander, Hullett, Lowe, Brothers, Hyatt, Putman, and Wootten Memorial",S004,17,31,29,1,33.965745,-86.374175,33.965745,-86.374175,AL,USA,Altoona,,0.0,0.0,0.0
Camp Fasola,S004,17,7,7,1,33.649448,-85.752330,33.649448,-85.752330,AL,USA,Anniston,,0.0,0.0,0.0
Camp Fasola - Adult Emphasis,S004,17,12,12,2,34.014906,-87.362330,33.984451,-87.228163,AL,USA,Nauvoo,,0.0,95.79190173951373,7.982658478292811
Camp Fasola Singing School,S004,17,11,11,1,33.649448,-85.752330,33.649448,-85.752330,AL,USA,Anniston,,0.0,0.0,0.0
Henagar-Union Convention,S004,17,33,30,1,34.651086,-85.757431,34.651086,-85.757431,AL,USA,Henagar,,0.0,0.0,0.0
Hopewell Homecoming,S004,17,32,29,1,33.965745,-86.374175,33.965745,-86.374175,AL,USA,Altoona,,0.0,0.0,0.0
Independence Day Singing,S004,17,31,28,6,33.734901,-85.752330,33.704675,-85.611441,AL,USA,Anniston,,21.042727622062124,21.042727622062124,12.744909744697512
Ivey Memorial Singing,S004,17,33,28,1,34.651086,-85.757431,34.651086,-85.757431,AL,USA,Henagar,,0.0,0.0,0.0
Lacy Memorial,S004,17,32,29,2,34.703276,-85.674127,34.684091,-85.700987,AL,USA,Ider,,8.37552388967931,8.37552388967931,2.0216781802674193
Liberty Decoration Day Singing,S004,17,30,30,1,34.651086,-85.757431,34.651086,-85.757431,AL,USA,Henagar,,0.0,0.0,0.0
Lookout Mountain Convention,S004,17,32,29,1,34.218074,-85.857076,34.218074,-85.857076,AL,USA,Collinsville,,0.0,0.0,0.0
National Sacred Harp Singing Convention,S004,17,27,27,4,33.475167,-86.798798,33.474469,-86.775901,AL,USA,Homewood,,9.183848843175133,9.183848843175133,4.30833813457196
Pine Grove Singing,S004,17,27,27,1,34.218074,-85.857076,34.218074,-85.857075,AL,USA,Collinsville,,0.0,0.0,0.0
East Midlands Sacred Harp Convention,S005,11,23,22,1,52.837755,-1.276204,52.837755,-1.276204,England,United Kingdom,Kegworth,Leicestershire,0.0,0.0,0.0
Goodshaw Sacred Harp Day,S005,11,9,9,1,53.729266,-2.287773,53.729266,-2.287773,England,United Kingdom,Crawshawbooth,Lancashire,0.0,0.0,0.0
Holmfirth Sacred Harp Singing,S005,11,6,6,2,53.578728,-1.769495,53.570582,-1.774590,England,United Kingdom,Holmfirth,West Yorkshire,1.8012120116763077,1.8012120116763077,0.6004040038921026
New Year's Day Singing,S005,11,19,18,1,52.981831,-1.353655,52.981831,-1.353655,England,United Kingdom,Ilkeston,Derbyshire,0.0,0.0,0.0
Newcastle Upon Tyne Sacred Harp Singing,S005,11,11,11,1,55.016001,-1.568647,55.016001,-1.568647,England,United Kingdom,Newcastle upon Tyne,Tyne and Wear,0.0,0.0,0.0
Oldham Sacred Harp Singing Day,S005,11,8,8,1,53.538485,-2.115240,53.538485,-2.115240,England,United Kingdom,Oldham,Lancashire,0.0,0.0,0.0
Scotland Singing,S005,11,11,11,6,55.877527,-4.293263,55.888070,-4.020861,Scotland,United Kingdom,Glasgow,,41.612351108437814,43.198250930874046,12.555204296365872
Sheffield Sacred Harp Singing Day,S005,11,8,8,2,53.381415,-1.511914,53.381415,-1.511914,England,United Kingdom,Sheffield,South Yorkshire,3.2562276193695827,3.2562276193695827,3.255990476275702
South Yorkshire Singing,S005,11,19,19,5,53.408244,-1.518296,53.445740,-1.519013,England,United Kingdom,Stannington,South Yorkshire,6.4146811757008635,23.66676503525302,3.155339136775975
Stapleford Sacred Harp Singing,S005,11,18,18,2,52.940387,-1.277259,52.937193,-1.275785,England,United Kingdom,Stapleford,Nottinghamshire,0.6871592613591475,0.6871592613591475,0.22905308711971584
West Yorkshire Sacred Harp Day,S005,11,17,17,2,53.832576,-1.959880,53.827722,-1.931724,England,United Kingdom,Haworth,West Yorkshire,0.0,20.35109184159853,1.197123049505796
"Albright, Cates, Brown, and Sheppard Memorial Singing",S006,13,32,30,3,33.734901,-85.386113,33.728723,-85.353802,AL,USA,Muscadine,,14.055373275331652,14.055373275331652,1.9389036966379214
"Alewine, Laminack, and Stephen McElroy Memorial Singing",S006,13,32,28,2,33.815221,-85.406945,33.815222,-85.406946,AL,USA,Muscadine,,0.0003729087132594013,0.0012430290441980013,0.0001331816833069287
Cane Creek Primitive Baptist Church,S006,13,34,30,1,33.687325,-85.526104,33.687325,-85.526104,AL,USA,Heflin,,0.0,0.0,0.0
Cleburne County Convention,S006,13,31,28,3,33.687325,-85.526104,33.691815,-85.511677,AL,USA,Heflin,,1.6365622169956722,6.82009541138803,1.1300848289188732
Crossroads Church Memorial Singing,S006,13,22,22,1,33.863252,-85.343170,33.863252,-85.343170,GA,USA,Buchanan,,0.0,0.0,0.0
Edwardsville Church,S006,13,34,30,1,33.706246,-85.508978,33.706246,-85.508978,AL,USA,Heflin,,0.0,0.0,0.0
Elder and Mrs. Jason Davis Memorial,S006,13,26,23,2,34.508210,-84.916419,34.516882,-84.930553,GA,USA,Calhoun,,6.152161107195759,7.690201383994693,1.003069745738438
Jack and Henry Kerr Memorial,S006,13,26,25,1,33.770347,-85.413262,33.770347,-85.413261,AL,USA,Muscadine,,0.0,0.0,0.0
Labor Day Singing,S006,13,34,30,1,33.775656,-85.564125,33.775656,-85.564125,AL,USA,Fruithurst,,0.0,0.0,0.0
McWhorter Memorial,S006,13,15,15,1,33.842339,-85.406071,33.842339,-85.406071,AL,USA,Fruithurst,,0.0,0.0,0.0
Old Harmony Primitive Baptist Church,S006,13,34,30,1,33.646132,-85.418326,33.646132,-85.418326,AL,USA,Abernathy,,0.0,0.0,0.0
Poplar Springs Church,S006,13,15,12,1,33.817598,-85.301690,33.817598,-85.301690,GA,USA,Buchanan,,0.0,0.0,0.0
Shiloh-Little Vine Singing,S006,13,29,25,2,33.660804,-85.278493,33.685464,-85.228003,GA,USA,Waco,,12.019049533928625,12.019049533928625,3.365333869500015
Chicago Anniversary Singing,S007,14,30,29,2,41.965317,-87.744410,41.956802,-87.742008,IL,USA,Chicago,,1.452612675385664,1.452612675385664,0.6010811070561368
Columbia Singing,S007,14,26,26,5,39.070548,-92.374152,39.047668,-92.524640,MO,USA,Columbia,,30.769729100926895,30.836260185161326,11.37166059750022
Fasola Omaha,S007,14,14,14,3,41.281583,-95.992971,41.284171,-95.984867,NE,USA,Omaha,,3.0958090239229143,3.279634753433833,0.6765180572342615
Fox Valley Folk Festival,S007,14,22,20,2,41.884087,-88.302289,41.885343,-88.302599,IL,USA,Geneva,,0.08828399490691655,0.882839949069153,0.0882839949069153
Kalamazoo Singing,S007,14,24,24,3,42.283643,-85.616092,42.287158,-85.625739,MI,USA,Kalamazoo,,2.2428924526897966,6.516528810243849,0.5518835903463849
Lincoln's Birthday Singing,S007,14,32,28,2,41.788046,-87.595566,41.788215,-87.595587,IL,USA,Chicago,,0.0,0.32998356646982374,0.011785127373922276
Michiana Singing,S007,14,30,28,4,41.551538,-85.888411,41.557563,-85.904593,IN,USA,Goshen,,4.865340329146813,4.865340329146813,1.77519992397581
Midwest Convention,S007,14,32,29,7,41.965317,-87.744410,41.937488,-87.712494,IL,USA,Chicago,,5.806553206402535,14.445052106661256,2.7333320332887268
Minnesota State Convention,S007,14,30,28,10,44.803116,-93.492643,44.862240,-93.353792,MN,USA,Shakopee,,18.371840431220964,34.03715394021508,8.041961487638257
Missouri State Convention,S007,14,29,27,3,38.668303,-91.237424,38.659927,-91.138771,MO,USA,Pinckney Township,,19.16534306802144,48.79073036010732,5.356201692600519
Northeast Missouri Memorial Day Singing,S007,14,10,10,1,39.244405,-91.290814,39.244405,-91.290814,MO,USA,Middletown,,0.0,0.0,0.0
University of Chicago/Hyde Park Singing,S007,14,26,26,6,41.792801,-87.596164,41.793282,-87.596561,IL,USA,Chicago,,0.36878250506549226,0.8393832408666891,0.1437019817359175
Berkshire Foothills Singing,S008,15,16,16,5,42.066730,-72.878266,42.197092,-73.044843,MA,USA,Granville,,32.357819534455714,32.67199105364184,15.058601137086395
Boston Singing,S008,15,12,12,4,42.320992,-71.117232,42.326284,-71.133384,MA,USA,Jamaica Plain,,4.654698738665293,4.654698738665293,2.1736756327039033
Cape Cod Singing,S008,15,13,13,3,41.746911,-70.458945,41.716757,-70.526350,MA,USA,East Sandwich,,13.615899834333993,15.747343181124387,5.400841732189258
Jeremiah Ingalls Singing,S008,15,10,10,4,44.079703,-72.059685,43.914814,-71.983979,VT,USA,Newbury,,16.24167610070544,128.56682460692613,14.035516707035885
Maine Singing,S008,15,20,20,9,44.048816,-69.377918,44.080747,-69.499220,ME,USA,Union,,30.68828215677688,48.1785722355324,14.561863003690004
Montreal Singing,S008,15,7,7,5,45.483582,-73.575166,45.484239,-73.588690,Quebec,Canada,Montréal,,2.7343611960386434,2.7343611960386434,1.7367699661910159
New Haven Singing,S008,15,12,12,2,41.308167,-72.928845,41.308665,-72.927913,CT,USA,New Haven,,0.32076561858081626,0.3564062428675735,0.059401040477928914
New York City Singing,S008,15,16,16,6,40.699280,-73.989510,40.711877,-73.990414,NY,USA,New York,,2.39679149129689,2.746761265899821,1.2208867268180408
Pioneer Valley Singing,S008,15,17,17,4,42.466077,-72.580100,42.489865,-72.584301,MA,USA,Sunderland,,5.513081012808418,16.421066032929787,1.7165228839696391
Quebec Convention,S008,15,19,19,7,45.277370,-71.891505,45.244289,-71.909045,QC,Canada,Sherbrooke,,12.913949776289433,12.913949776289433,8.794078499514042
Rhode Island Singing,S008,15,19,19,5,41.835700,-71.397747,41.806302,-71.426591,RI,USA,Providence,,13.125602602832448,16.037659739239423,5.068633074822909
Shaker Meetinghouse and Francis Bliss Memorial Singing,S008,15,12,12,1,43.986391,-70.366144,43.986391,-70.366144,ME,USA,New Gloucester,,0.0,0.0,0.0
Vermont State Singing,S008,15,25,25,17,44.182404,-72.506851,43.976961,-72.661231,VT,USA,Weathersfield,,55.498039335556506,85.83484631932414,39.07649669174039
Western Massachusetts Sacred Harp Singing Convention,S008,15,24,24,7,42.317183,-72.634324,42.300320,-72.633390,MA,USA,Northampton,,7.805238212414146,7.8236878090367625,1.5576649424428481
Garden State Singing Convention,S009,9,23,21,1,40.833339,-74.204178,40.833339,-74.204178,NJ,USA,Montclair,,0.0,0.0,0.0
James River Convention,S009,9,32,28,7,37.531331,-77.419667,37.514915,-77.449465,VA,USA,Richmond,,10.463273536885767,10.6427967318251,4.42849303781831
New York State Regional Singing - April,S009,9,21,21,6,43.083063,-77.449082,42.972862,-77.343959,NY,USA,Rochester,,65.09864355096082,68.09071400540745,15.573656008923546
New York State Regional Singing - February,S009,9,19,19,9,42.931424,-75.378457,42.702664,-75.628506,NY,USA,Clinton,,71.65210403318193,101.23375462803656,35.463473990004026
Northern Shenandoah Valley Singing,S009,9,24,23,8,39.152593,-77.980094,39.152593,-77.979683,VA,USA,Berryville,,11.161525390073546,14.945100048282217,3.264394924188565
Potomac River Convention,S009,9,32,28,9,38.931269,-77.193882,38.870042,-77.212673,VA,USA,Great Falls,,15.356438862989899,15.356438862989899,9.915140102496975
Rivanna River Singing,S009,9,14,14,4,38.040148,-78.483338,38.044410,-78.496607,VA,USA,Charlottesville,,1.3437370947329146,11.095691379908004,0.9652143568434592
Bainbridge Island Sacred Harp Singing,S010,8,6,6,2,47.694063,-122.558117,47.687783,-122.551841,WA,USA,Bainbridge Island,,1.5689123278910648,3.1378246557821297,0.5229707759636882
Cape Meares Singing,S010,8,15,15,1,45.499010,-123.958727,45.499010,-123.958727,OR,USA,Tillamook,,0.0,0.0,0.0
Eugene Singing,S010,8,21,21,4,43.989763,-123.153360,44.001695,-123.136747,OR,USA,Eugene,,5.171286404128996,5.171286404128996,1.1697772948875407
Mt. Adams Singing,S010,8,5,5,2,45.997952,-121.531945,45.997437,-121.530371,WA,USA,Trout Lake,,0.250439415980521,0.41739902663420164,0.08347980532684032
Olympia Sacred Harp Singing,S010,8,13,13,4,47.039790,-122.899411,47.052690,-122.932543,WA,USA,Olympia,,6.313879208335397,6.313879208335397,1.7974344576145396
Pacific Northwest Convention - Oregon,S010,8,21,21,8,45.522880,-122.624680,45.518108,-122.636613,OR,USA,Portland,,4.212271207440938,6.715411235471375,1.4662153447267408
Pacific Northwest Convention - Washington,S010,8,25,24,4,47.676384,-122.391419,47.660302,-122.365966,WA,USA,Seattle,,8.976486575403683,8.976486575403683,1.8569873219173203
Portland Sacred Harp Singing,S010,8,17,17,5,45.560197,-122.641698,45.533151,-122.632484,OR,USA,Portland,,6.110360276635079,9.392814209477534,2.049610397642793
Dominic Ciavonne Ziegler Memorial Singing,S011,12,8,8,1,38.580637,-122.881133,38.580637,-122.881133,CA,USA,Healdsburg,,0.0,0.0,0.0
Golden Gate Singing,S011,12,19,19,10,37.771411,-122.294693,37.792737,-122.363573,CA,USA,San Francisco,,16.87115538214634,34.732349836688606,8.14739286605828
Helwig-Coghlan Memorial Sacred Harp Singing,S011,12,8,8,6,38.551717,-121.997709,38.319456,-121.947984,CA,USA,Davis,,55.948417695248594,55.948417695248594,33.25070070150731
Los Angeles Regional Singing,S011,12,23,23,2,33.713440,-118.293494,33.724295,-118.298414,CA,USA,San Pedro,,0.0,18.432937872387374,0.8014320814081467
Lunsford and Jolly Memorial Singing,S011,12,22,22,4,32.970330,-117.036619,32.959054,-117.065190,CA,USA,Poway,,15.781233421600811,17.680576966595375,3.1638867185237878
Old Felta Schoolhouse Singing,S011,12,5,5,1,38.580637,-122.881133,38.580637,-122.881133,CA,USA,Healdsburg,,0.0,0.0,0.0
Palo Alto Singing,S011,12,11,10,1,37.419359,-122.112350,37.419359,-122.112350,CA,USA,Palo Alto,,0.0,0.0,0.0
Santa Barbara Regional Singing,S011,12,9,9,2,34.447802,-119.562122,34.449243,-119.651458,CA,USA,Montecito,,15.27310920133746,15.27310920133746,5.0910364004458195
Santa Cruz Singing,S011,12,6,6,4,36.977824,-122.007484,36.975040,-121.997606,CA,USA,Santa Cruz,,3.6693767050236934,5.230743882960916,2.3687659089200332
Belton and Emma Beasley and Phillip Lee III Memorial Singing,S012,15,29,27,1,33.944158,-87.794022,33.944158,-87.794021,AL,USA,Winfield,,0.0,0.0,0.0
Cornelius Benjamin Keeton and Travis Keeton Memorial Singing,S012,15,30,27,1,33.953091,-87.463703,33.953091,-87.463703,AL,USA,Nauvoo,,0.0,0.0,0.0
"Dutton, Green, and Jackson Memorial",S012,15,17,14,1,33.946955,-87.488410,33.946955,-87.488410,AL,USA,Nauvoo,,0.0,0.0,0.0
Friendship Primitive Baptist Church - April,S012,15,32,29,1,34.236831,-87.513971,34.236831,-87.513971,AL,USA,Haleyville,,0.0,0.0,0.0
Friendship Primitive Baptist Church - August,S012,15,5,5,1,34.236831,-87.513971,34.236831,-87.513971,AL,USA,Haleyville,,0.0,0.0,0.0
Friendship Primitive Baptist Church - January,S012,15,6,6,1,34.236831,-87.513971,34.236831,-87.513971,AL,USA,Haleyville,,0.0,0.0,0.0
Harper Memorial Singing,S012,15,14,12,1,33.953960,-87.496812,33.953960,-87.496812,AL,USA,Nauvoo,,0.0,0.0,0.0
Joseph Jackson Beasley Memorial,S012,15,11,10,1,33.944158,-87.794022,33.944158,-87.794022,AL,USA,Winfield,,0.0,0.0,0.0
"Martha Harper Nix, Lewis Keeton, and Lavada McGough Gilmore Memorial",S012,15,18,16,1,33.946955,-87.488410,33.946955,-87.488410,AL,USA,Nauvoo,,0.0,0.0,0.0
Old Enon Church,S012,15,19,16,1,34.059402,-87.501603,34.059402,-87.501603,AL,USA,Lynn,,0.0,0.0,0.0
Old Flatwoods Primitive Baptist Church,S012,15,22,19,1,33.953960,-87.496812,33.953960,-87.496812,AL,USA,Nauvoo,,0.0,0.0,0.0
Old Union Baptist Church,S012,15,5,2,1,33.852638,-87.879822,33.852638,-87.879822,AL,USA,Winfield,,0.0,0.0,0.0
Shady Grove (Keeton Cemetery),S012,15,33,30,2,33.953091,-87.463703,33.960952,-87.462445,AL,USA,Nauvoo,,0.0,16.43873128277154,0.547957709425718
Sullins School House,S012,15,9,6,1,34.177248,-87.864878,34.177248,-87.864878,AL,USA,Hamilton,,0.0,0.0,0.0
Tom Harper and Ganus Wakefield Memorial,S012,15,17,14,1,34.085593,-87.538948,34.085593,-87.538948,AL,USA,Lynn,,0.0,0.0,0.0
Church Music Heritage and Fall Festival,S013,14,7,7,2,35.320156,-86.639013,35.320181,-86.639422,TN,USA,Petersburg,,0.08096459369527825,0.08096459369527825,0.023132741055793788
Cotaco Convention,S013,14,33,30,1,34.330782,-86.674134,34.330782,-86.674134,AL,USA,Eva,,0.0,0.0,0.0
Gum Pond Decoration Day Singing,S013,14,29,25,1,34.330782,-86.674134,34.330782,-86.674134,AL,USA,Eva,,0.0,0.0,0.0
Gum Pond Primitive Baptist Church,S013,14,28,25,1,34.330782,-86.674134,34.330782,-86.674134,AL,USA,Eva,,0.0,0.0,0.0
Harpeth Valley - Priestley Miller Memorial Singing,S013,14,31,29,4,36.055695,-86.724642,36.083095,-86.775301,TN,USA,Nashville,,7.9692102757369,8.195765017623783,3.5675012064128415
Huntsville Sacred Harp Singing,S013,14,31,28,2,34.716914,-86.538961,34.718623,-86.543989,AL,USA,Huntsville,,0.0,8.651447065006984,0.308980252321678
Immanuel Baptist Church,S013,14,28,26,1,36.111741,-86.854000,36.111741,-86.854000,TN,USA,Nashville,,0.0,0.0,0.0
Mattox Memorial Singing,S013,14,14,12,2,35.242310,-87.337409,35.260624,-87.331373,TN,USA,Lawrenceburg,,3.9311867354032484,3.9311867354032484,1.3103955784677495
Mount Vernon Primitive Baptist Church,S013,14,12,9,1,34.243394,-86.658128,34.243394,-86.658128,AL,USA,Cullman,,0.0,0.0,0.0
Mt. Oak Methodist Church,S013,14,15,13,1,34.363246,-86.550633,34.363246,-86.550633,AL,USA,Arab,,0.0,0.0,0.0
"Putnam, Light, and King Memorial Singing",S013,14,28,28,3,34.363246,-86.550633,34.354461,-86.504970,AL,USA,Arab,,5.8558952873899885,5.8558952873899885,2.6922698909717075
Sharon Jordan Leach Memorial Singing,S013,14,28,25,1,34.346525,-86.449990,34.346525,-86.449990,AL,USA,Arab,,0.0,0.0,0.0
Tennessee River Convention,S013,14,6,3,1,35.023935,-87.337733,35.023935,-87.337733,TN,USA,Five Points,,0.0,0.0,0.0
Tennessee State Sacred Harp Singing,S013,14,16,16,3,36.015106,-86.689935,36.000320,-86.685394,TN,USA,Nashville,,10.220409461988512,10.220409461988512,8.00663132045298
Central Ontario All-Day Singing,S014,10,22,21,7,43.338662,-80.490400,43.431161,-80.144835,ON,Canada,North Dumfries,,59.33069390142871,59.33069390142871,25.91571605944725
Cincinnati New Year's Singing,S014,10,28,27,4,39.125283,-84.478182,39.132611,-84.479653,OH,USA,Cincinnati,,1.5312975057659228,8.814926634037949,0.7728718325096771
Ebenezer Mennonite Old Schoolhouse Singing,S014,10,5,5,1,40.892030,-83.937665,40.892030,-83.937665,OH,USA,Bluffton,,0.0,0.0,0.0
John and Loraine Bayer Memorial Singing,S014,10,7,7,1,39.743132,-84.367042,39.743132,-84.367042,,,,,0.0,0.0,0.0
Kentucky State Sacred Harp Singing,S014,10,33,29,3,38.054219,-84.654533,38.038877,-84.656248,KY,USA,Versailles,,1.0261927005031026,15.300535175882086,1.2321390984234382
Mid-Michigan Singing,S014,10,16,16,1,42.712547,-84.411198,42.712547,-84.411198,MI,USA,Okemos,,0.0,0.0,0.0
Oberlin Sacred Harp Singing,S014,10,10,10,1,41.287566,-82.217958,41.287566,-82.217958,OH,USA,Oberlin,,0.0,0.0,0.0
Pauline Creel Childers Memorial Singing,S014,10,10,10,1,42.281413,-83.385940,42.281413,-83.385940,MI,USA,Wayne,,0.0,0.0,0.0
Yellow Springs,S014,10,17,17,1,39.801500,-83.887432,39.801500,-83.887432,OH,USA,Yellow Springs,,0.0,0.0,0.0
Auburn Sacred Harp Singing,S015,8,18,18,5,32.606253,-85.480809,33.768699,-80.176431,AL,USA,Auburn,,0.25980056558652626,4651.450050123001,258.4660348441054
Boiling Springs Convention,S015,8,32,29,5,33.238271,-85.888454,33.300272,-86.003435,AL,USA,Sylacauga,,24.333259902264047,37.40196461183872,15.411437110764965
"Futral, Nelson, and Henry Memorial Singing",S015,8,17,17,1,33.051908,-86.019681,33.051908,-86.019681,AL,USA,Goodwater,,0.0,0.0,0.0
H. R. Avery Memorial Singing,S015,8,25,25,1,33.016557,-85.668546,33.016557,-85.668546,AL,USA,Daviston,,0.0,0.0,0.0
Hillabee Sacred Harp Convention,S015,8,17,17,1,33.016557,-85.668546,33.016557,-85.668546,AL,USA,Daviston,,0.0,0.0,0.0
Mt. Zion Homecoming Singing,S015,8,21,21,1,33.238271,-85.888454,33.238271,-85.888454,AL,USA,Ashland,,0.0,0.0,0.0
Rocky Mount Primitive Baptist Church Homecoming,S015,8,18,18,1,33.016557,-85.668546,33.016557,-85.668546,AL,USA,Daviston,,0.0,0.0,0.0
Smyrna Sacred Harp Singing,S015,8,19,19,1,33.051908,-86.019681,33.051908,-86.019681,AL,USA,Goodwater,,0.0,0.0,0.0
Alvis Brothers - B. I. Wood Memorial Singing,S016,5,19,16,1,33.994469,-86.135361,33.994469,-86.135361,AL,USA,Attalla,,0.0,0.0,0.0
Gilliland and Brothers Memorial Singing,S016,5,8,6,1,34.147144,-86.288142,34.147144,-86.288142,AL,USA,Boaz,,0.0,0.0,0.0
Liberty Hill Baptist Church,S016,5,6,3,1,34.177454,-86.031519,34.177454,-86.031519,AL,USA,Boaz,,0.0,0.0,0.0
Mount Moriah Primitive Baptist Church,S016,5,18,12,1,34.060341,-86.428309,34.060341,-86.428309,AL,USA,Susan Moore,,0.0,0.0,0.0
Warrior River - Clear Creek Convention,S016,5,12,9,3,34.060341,-86.374175,34.047232,-86.357527,AL,USA,Altoona,,7.758722351181789,7.758722351181789,6.1797357999235425
Antioch Baptist Church,S017,8,29,27,1,34.750679,-85.628201,34.750679,-85.628201,AL,USA,Ider,,0.0,0.0,0.0
Chestnut Grove Church,S017,8,22,19,1,34.657826,-85.652685,34.657826,-85.652685,AL,USA,Henagar,,0.0,0.0,0.0
Cross Roads Church,S017,8,29,23,1,33.863252,-85.343170,33.863252,-85.343170,GA,USA,Buchanan,,0.0,0.0,0.0
"Elder Homer Benefield, Katherine Benefield, and Mildred Johnson Memorial",S017,8,28,27,2,33.661946,-85.283001,33.661607,-85.281665,GA,USA,Waco,,0.27099226434256884,0.27099226434256884,0.08029400424965003
Macedonia Primitive Baptist Church,S017,8,30,29,1,34.518593,-86.000019,34.518593,-86.000018,AL,USA,Section,,0.0,0.0,0.0
Shady Grove Decoration Day Singing,S017,8,7,7,1,34.598941,-85.944501,34.598941,-85.944501,AL,USA,Dutton,,0.0,0.0,0.0
State Line Church,S017,8,31,28,2,33.755559,-85.363100,33.747828,-85.340218,AL,USA,Muscadine,,3.9741695310825635,13.24723177027518,1.4193462611009122
Wootten Family New Year's Eve Singing,S017,8,27,27,1,34.750679,-85.628201,34.750679,-85.628201,AL,USA,Ider,,0.0,0.0,0.0
Bethel Primitive Baptist Church - Mississippi,S018,7,16,13,1,34.012582,-89.352649,34.012582,-89.352649,MS,USA,Bruce,,0.0,0.0,0.0
Calhoun County Sacred Harp Musical Association,S018,7,14,14,2,34.012582,-89.352649,33.977646,-89.316758,MS,USA,Bruce,,11.09993756798457,11.09993756798457,3.171410733709877
Hill Roane Memorial,S018,7,11,11,1,34.056292,-89.428958,34.056292,-89.428958,MS,USA,Bruce,,0.0,0.0,0.0
John N. Merritt Memorial Singing Convention,S018,7,13,13,3,32.352152,-90.878689,32.351207,-90.870802,MS,USA,Vicksburg,,0.19019021017398147,5.9652183465677675,0.4771504699450188
Mississippi State Convention,S018,7,29,29,3,32.459823,-89.425555,32.550315,-89.373043,MS,USA,Forest,,14.06892441034821,99.28667230779594,7.817627359872009
Oxford City Hall,S018,7,31,28,4,34.364413,-89.517889,34.364221,-89.515995,MS,USA,Oxford,,1.0301894883955711,2.02762155579815,0.3957842425115167
Taylor Singing,S018,7,17,17,1,34.271724,-89.588511,34.271724,-89.588511,MS,USA,Taylor,,0.0,0.0,0.0
Bloomington Singing,S019,5,17,17,2,39.149811,-86.481779,39.157297,-86.505768,IN,USA,Bloomington,,3.3645812129461565,3.3645812129461565,1.3854157935660645
Eldridge Schoolhouse Singing,S019,5,16,16,2,38.575125,-86.310474,38.587361,-86.317884,IN,USA,Orleans,,3.741213539259974,7.482427078519948,0.9353033848149935
Higher Ground Singing,S019,5,26,26,5,39.470134,-87.406692,39.488783,-87.277221,IN,USA,Terre Haute,,25.41870470098422,71.84337438412201,7.485528315757394
Illinois State Sacred Harp Convention,S019,5,28,27,11,39.552964,-88.964515,39.754281,-88.920938,IL,USA,Taylorville,,46.88126818696694,62.86456309932865,33.9409077139702
Indiana State Fair Singing,S019,5,7,7,1,39.832059,-86.131040,39.832059,-86.131040,,,,,0.0,0.0,0.0
Burnham and Brown Memorial,S020,7,32,29,2,33.819758,-85.762041,33.817286,-85.761245,AL,USA,Jacksonville,,0.4271927783009636,0.4271927783009636,0.17676942550384703
Calhoun County Convention,S020,7,32,29,2,33.760935,-85.774964,33.682154,-85.793295,AL,USA,Anniston,,12.368250987876044,12.368250987876044,5.544388373875468
Etowah County Sacred Harp Singing,S020,7,12,9,2,33.956079,-85.925005,33.985189,-85.917457,AL,USA,Glencoe,,3.702987567665644,18.514937838328205,2.0572153153698007
Hopewell Primitive Baptist Church,S020,7,34,31,1,33.401821,-85.220497,33.401821,-85.220497,GA,USA,Roopville,,0.0,0.0,0.0
Oak Hill Baptist Church,S020,7,32,29,1,33.585194,-85.815858,33.585194,-85.815858,AL,USA,Oxford,,0.0,0.0,0.0
Rogers Memorial Singing,S020,7,33,31,1,33.405675,-85.252988,33.405675,-85.252988,GA,USA,Roopville,,0.0,0.0,0.0
Zion Hill Primitive Baptist Church,S020,7,17,14,1,34.165478,-86.368456,34.165478,-86.368456,AL,USA,Horton,,0.0,0.0,0.0
Central Pennsylvania Sacred Harp All-Day Singing,S021,5,7,7,2,40.842310,-77.681218,40.832257,-77.705679,PA,USA,Centre Hall,,4.075932687440184,10.18983171860045,1.4556902455143501
Exeter Singing,S021,5,24,24,2,40.313191,-75.784453,40.296282,-75.766486,PA,USA,Douglassville,,0.0,36.12992865528312,1.5054136939701301
Keystone Sacred Harp Convention,S021,5,23,23,19,39.956152,-75.285440,40.007191,-75.522065,PA,USA,Philadelphia,,50.75205711427935,62.94812213942315,19.475097983743193
Maidencreek All Day Singing,S021,5,27,27,1,40.449714,-75.967691,40.449714,-75.967691,PA,USA,Leesport,,0.0,0.0,0.0
Oliver Kindig-Stokes Memorial Singing,S021,5,14,14,3,39.963026,-76.731696,39.982050,-76.659011,PA,USA,York,,19.04559470316338,19.718358145410566,4.065180687767219
Alabama Collegiate Singing,S022,12,22,22,4,33.206828,-87.542662,33.207999,-87.540020,AL,USA,Tuscaloosa,,1.1788309751976522,1.2825136154670715,0.2029500365206807
Clear Creek Convention West,S022,12,27,24,2,33.841299,-87.614917,33.835612,-87.500420,AL,USA,Eldridge,,39.502705271200256,39.502705271200256,6.58378421186671
Elmore Center Singing,S022,12,28,26,1,33.279394,-87.907044,33.279394,-87.907044,AL,USA,Gordo,,0.0,0.0,0.0
J.D. Starnes Memorial,S022,12,23,20,1,33.883750,-87.044944,33.883750,-87.044944,AL,USA,Bremen,,0.0,0.0,0.0
Lamar and Pickens Counties Convention,S022,12,31,29,1,33.424273,-87.879035,33.424273,-87.879035,AL,USA,Gordo,,0.0,0.0,0.0
Lillian Calvert and Irene Woodley Memorial,S022,12,28,26,1,33.853955,-87.185468,33.853955,-87.185468,AL,USA,Boldo,,0.0,0.0,0.0
Moon and Guthrie Memorial,S022,12,19,16,1,33.737918,-87.010312,33.737918,-87.010312,AL,USA,Dora,,0.0,0.0,0.0
Mulberry River Convention,S022,12,32,29,5,33.737918,-87.010312,33.786489,-87.067154,AL,USA,Dora,,35.44542165782048,35.44542165782048,7.800401796905654
"Parker, Hollis, and Putman Memorial",S022,12,29,26,1,33.737918,-87.010312,33.737918,-87.010311,AL,USA,Dora,,0.0,0.0,0.0
Sanders Memorial,S022,12,30,28,3,33.737918,-87.010312,33.760929,-87.078864,AL,USA,Dora,,10.089322518952871,10.089322518952871,4.298307772208482
"Stephenson, Wall, and Hocutt Memorial",S022,12,27,26,2,33.853955,-87.185468,33.849492,-87.178731,AL,USA,Boldo,,0.0,12.861886567706991,0.49468794491180734
"W.A. Parker, Mr. and Mrs. Joe Myers, and Elsie Beasley Memorial",S022,12,19,17,1,33.890958,-87.123045,33.890958,-87.123045,AL,USA,Walker County,,0.0,0.0,0.0
Furman University Singing,S023,5,8,8,2,34.926865,-82.434350,34.926838,-82.434354,SC,USA,Greenville,,0.0044850843862630765,0.014950281287543598,0.0018687851609429497
Mountain Heritage Day Singing,S023,5,11,11,3,35.310535,-83.182648,35.310210,-83.182906,NC,USA,Cullowhee,,0.04850747677593786,0.33302558311936636,0.034684823626845836
Pioneer Day Singing,S023,5,19,19,3,34.630905,-82.133708,34.660044,-82.190014,SC,USA,Gray Court,,11.39167645606582,11.39167645606582,5.863663972962874
South Carolina State Singing in Memory of William Walker,S023,5,16,16,2,34.957202,-81.938109,34.957301,-81.937500,SC,USA,Spartanburg,,0.09364445077889183,0.09364445077889183,0.035116669042084436
Swannanoa Gathering Shape Note Singing,S023,5,14,14,2,35.612021,-82.440048,35.612319,-82.440250,NC,USA,Swannanoa,,0.11546512441239384,0.16495017773199094,0.023564311104570135
Doss Memorial Singing,S024,11,10,7,1,33.758640,-86.849019,33.758640,-86.849019,AL,USA,Gardendale,,0.0,0.0,0.0
Jones Chapel Sacred Harp Memorial Singing - July,S024,11,8,5,1,34.207554,-87.053566,34.207554,-87.053566,AL,USA,Cullman,,0.0,0.0,0.0
Jones Chapel Sacred Harp Memorial Singing - November,S024,11,8,5,1,34.207554,-87.053566,34.207554,-87.053566,AL,USA,Cullman,,0.0,0.0,0.0
Liberty Church - Helicon,S024,11,5,3,1,34.131920,-87.150532,34.131920,-87.150532,AL,USA,Helicon,,0.0,0.0,0.0
New Canaan Baptist Church,S024,11,8,5,1,33.834173,-87.002627,33.834173,-87.002627,AL,USA,Empire,,0.0,0.0,0.0
New Hope Church,S024,11,33,29,1,34.145166,-87.067362,34.145166,-87.067361,AL,USA,Cullman,,0.0,0.0,0.0
Parker Family and Sherry Guthery Memorial Singing,S024,11,14,14,1,34.194113,-86.956728,34.194113,-86.956728,AL,USA,Cullman,,0.0,0.0,0.0
Providence Singing,S024,11,9,9,1,34.179857,-86.858265,34.179857,-86.858265,AL,USA,Cullman,,0.0,0.0,0.0
Rock Creek-Mountain Home,S024,11,16,13,3,34.145166,-87.067362,34.139967,-87.061276,AL,USA,Cullman,,4.186418429007882,4.382185198466215,1.7213673693562026
Ryan Creek Convention,S024,11,13,13,3,34.145166,-87.067362,34.139967,-87.061276,AL,USA,Cullman,,4.186418429007882,4.382185198466215,1.7213673693562026
Vinemont Singing,S024,11,12,12,3,34.225137,-86.857430,34.225307,-86.838830,AL,USA,Cullman,,4.087933275507696,4.087933275507696,3.007032383728847
Andrew's Chapel Singing,S025,6,18,18,2,32.901432,-84.223923,32.870776,-84.188213,GA,USA,Thomaston,,17.78566305263199,17.78566305263199,2.964277175438665
Cedar Creek Singing,S025,6,8,8,2,31.873387,-83.904114,31.703897,-83.895044,GA,USA,Cordele,,31.261048281671506,31.261048281671506,11.722893105626815
Emmaus Primitive Baptist Church Singing - Thomaston,S025,6,9,9,1,32.897423,-84.343839,32.897423,-84.343839,GA,USA,Thomaston,,0.0,0.0,0.0
Middle Georgia Sacred Harp Singing,S025,6,20,20,3,33.076554,-84.091582,32.971025,-83.893260,GA,USA,Barnesville,,30.18620424725012,30.806016308170893,13.614782514308592
Mount Pisgah Primitive Baptist Church,S025,6,18,18,1,31.421414,-83.879929,31.421414,-83.879929,GA,USA,Sylvester,,0.0,0.0,0.0
South Georgia Sacred Harp Singing Convention,S025,6,32,30,4,32.717497,-84.009663,32.705514,-83.976115,GA,USA,Milner,,46.39264528768865,58.647894662422715,30.313040872728866
Baylor University Sacred Harp Singing,S026,4,19,19,1,31.550529,-97.119754,31.550529,-97.119754,TX,USA,Waco,,0.0,0.0,0.0
Dallas County Singing,S026,4,25,25,4,32.862361,-96.836282,32.844605,-96.778599,TX,USA,Dallas,,9.55676903332392,9.55676903332392,3.5761295742093044
William J. Reynolds Sacred Harp Singing,S026,4,24,23,1,32.682829,-97.347316,32.682829,-97.347316,TX,USA,Forth Worth,,0.0,0.0,0.0
"Chafin, Harbinson, and Hollis Memorial",S027,8,33,30,1,33.984971,-86.926104,33.984971,-86.926104,AL,USA,Cullman,,0.0,0.0,0.0
County Line Church,S027,8,33,30,1,33.807181,-86.927940,33.807181,-86.927940,AL,USA,Warrior,,0.0,0.0,0.0
Cullman County Sacred Harp Convention,S027,8,32,29,2,34.172430,-86.841761,34.174247,-86.842301,AL,USA,Cullman,,0.0,3.7502133144342933,0.12931770049773425
Fayette County Convention,S027,8,31,29,3,33.773864,-87.888766,33.761482,-87.869636,AL,USA,Fayette,,5.244499792093868,5.244499792093868,1.5178382808313537
"Moore, Graves, and Calvert Memorial",S027,8,33,30,1,33.982804,-87.009103,33.982804,-87.009103,AL,USA,Cullman County,,0.0,0.0,0.0
Mt. Lebanon Church,S027,8,32,29,1,33.773864,-87.888766,33.773864,-87.888766,AL,USA,Fayette,,0.0,0.0,0.0
Reid Memorial,S027,8,34,31,1,33.807181,-86.927940,33.807181,-86.927940,AL,USA,Warrior,,0.0,0.0,0.0
Walker County Convention,S027,8,33,30,5,33.855101,-87.182282,33.856978,-87.188553,AL,USA,Jasper,,5.692068792589142,5.692068792589142,3.3825402447136983
Atlanta Sacred Harp Singing,S028,5,6,6,3,33.782067,-84.404590,33.787033,-84.399844,GA,USA,Atlanta,,3.2402474180111493,3.874043430847443,2.562583429489413
Emory Sacred Harp Singing,S028,5,18,18,3,33.791380,-84.325102,33.791000,-84.326713,GA,USA,Atlanta,,0.01078120105271791,1.7910575411162022,0.09710334454630484
Jack Smith Memorial Singing,S028,5,19,19,1,33.763100,-84.310796,33.763100,-84.310796,GA,USA,Decatur,,0.0,0.0,0.0
Seed and Feed Sacred Harp Singing,S028,5,31,28,6,33.792840,-84.314516,33.812953,-84.287157,GA,USA,Atlanta,,7.231862412221505,7.231862412221505,2.549440249050703
Spivey Hall Singing,S028,5,17,17,1,33.592974,-84.329099,33.592974,-84.329099,GA,USA,Morrow,,0.0,0.0,0.0
Sydney Singing,S030,3,6,6,4,-33.895216,151.178353,-33.891299,151.141579,New South Wales,Australia,Strathfield,,6.513329387889195,6.992066744910312,2.620126680586238
Victoria Sacred Harp Singing,S030,3,9,9,1,-37.772616,144.961492,-37.772616,144.961492,VIC,Australia,Brunswick,,0.0,0.0,0.0
Harry Eskew Sacred Harp Singing,S033,4,6,6,1,30.004435,-90.044436,30.004435,-90.044436,LA,USA,New Orleans,,0.0,0.0,0.0
Louisiana State Sacred Harp Convention,S033,4,12,9,2,30.530260,-91.099126,30.413410,-90.864750,LA,USA,Baton Rouge,,72.671924449236,72.671924449236,16.14931654427467
New Orleans Baptist Theological Seminary Fall Singing,S033,4,5,4,1,30.004435,-90.044436,30.004435,-90.044436,LA,USA,New Orleans,,0.0,0.0,0.0
New Orleans Baptist Theological Seminary Spring Singing,S033,4,6,5,1,30.004435,-90.044436,30.004435,-90.044436,LA,USA,New Orleans,,0.0,0.0,0.0
Augusta Sacred Harp Singing,S038,3,8,8,1,33.519542,-82.083046,33.519542,-82.083046,GA,USA,Martinez,,0.0,0.0,0.0
Piccolo Spoleto Sacred Harp Singing,S038,3,10,10,4,32.778163,-79.934364,32.779431,-79.938990,SC,USA,Charleston,,0.8705015207655815,2.675497707605186,0.36474953721570624
Savannah Sacred Harp Singing,S038,3,10,10,3,32.041068,-81.078051,32.031963,-81.077212,GA,USA,Savannah,,1.5561202358329256,6.9799403702255844,0.7933413924459328
Barrett Patton's Christmas Singing,S039,2,8,8,2,34.671036,-85.733008,34.668542,-85.736060,AL,USA,Henagar,,0.586853111687468,1.956177038958228,0.2445221298697785
St. Joseph's On the Mountain Episcopal Church,S039,2,6,6,1,34.578499,-85.590540,34.578499,-85.590539,AL,USA,Mentone,,0.0,0.0,0.0
Capitol City Shape Note Singing,S040,2,12,12,1,32.382408,-86.304882,32.382408,-86.304882,AL,USA,Montgomery,,0.0,0.0,0.0
Tri-County Sacred Harp Singing,S040,2,7,7,2,32.338512,-86.140677,32.424618,-86.169891,AL,USA,Montgomery,,14.439885032767727,14.439885032767727,6.188522156900454
"Northwest Arkansas Shiloh Singing, Fall Session",S052,3,15,15,6,36.185347,-94.132908,36.120991,-94.151939,AR,USA,Springdale,,18.183838741958184,18.183838741958184,4.895828536148997
"Northwest Arkansas Shiloh Singing, Spring Session",S052,3,15,15,3,36.229180,-93.115803,36.206130,-93.254976,AR,USA,Harrison,,34.03389354565486,63.39976823663174,8.008194943070437
Shiloh Sacred Harp Singing,S052,3,6,6,1,36.186748,-94.131894,36.186748,-94.131894,AR,USA,Springdale,,0.0,0.0,0.0
Northwest Pennsylvania Singing,S053,2,12,12,3,41.999008,-80.317710,42.019868,-80.251234,PA,USA,Girard,,14.790083951286526,14.790083951286526,3.7098324198263626
Pittsburgh Regional Sacred Harp Singing,S053,2,11,10,4,40.597628,-80.099133,40.527792,-79.988046,PA,USA,Sewickley,,22.3084554226847,22.3084554226847,7.6044403525964
Alaska Sacred Harp Singing Convention,S058,1,12,12,6,57.051485,-135.332575,57.702866,-136.378065,AK,USA,Sitka,,0.9673036654318491,679.8316424358418,57.04504279187571
Chattanooga Area Sacred Harp Singing,S065,1,9,9,4,35.100554,-85.236131,35.136223,-85.244749,TN,USA,Chattanooga,,10.702956945802185,10.702956945802185,5.868540345250803
Cork Quaker House Singing,S067,1,14,14,1,51.892078,-8.468588,51.892078,-8.468588,Munster,Ireland,Cork,County Cork,0.0,0.0,0.0
Coweta County Courthouse Singing,S069,1,6,6,1,33.369656,-84.798285,33.369656,-84.798285,GA,USA,Newnan,,0.0,0.0,0.0
Darien Primitive Baptist Church Homecoming and Singing,S071,1,7,7,1,33.059767,-85.602921,33.059767,-85.602921,AL,USA,Wadley,,0.0,0.0,0.0
Duke Memorial Singing,S073,1,8,7,1,33.391963,-85.115294,33.391963,-85.115294,GA,USA,Centralhatchee,,0.0,0.0,0.0
Duluth Singing,S074,1,6,6,4,46.804739,-92.076468,46.806278,-92.083220,MN,USA,Duluth,,1.097449485499608,1.2033124759836802,0.382971453323021
Feast and FaSoLa,S078,1,10,10,1,40.337624,-89.459317,40.337624,-89.459317,IL,USA,Delavan,,0.0,0.0,0.0
Houston Sacred Harp Singing Convention,S081,1,13,13,3,29.799701,-95.396909,29.763637,-95.413530,TX,USA,Houston,,9.755761868219494,9.755761868219494,2.6959267993101554
Jordan's Chapel Methodist Church,S088,1,21,18,1,33.457472,-85.497258,33.457472,-85.497258,AL,USA,Woodland,,0.0,0.0,0.0
Kitchens Memorial,S089,1,5,5,1,33.835992,-87.259882,33.835992,-87.259882,AL,USA,Jasper,,0.0,0.0,0.0
Little Vine Primitive Baptist Church - Empire,S090,1,17,14,1,33.815995,-86.983168,33.815995,-86.983168,AL,USA,Empire,,0.0,0.0,0.0
Marian Bush Memorial Singing,S092,1,5,5,1,37.419359,-122.112350,37.419359,-122.112350,CA,USA,Palo Alto,,0.0,0.0,0.0
Memphis Singing,S093,1,10,10,4,35.153911,-89.911005,35.160967,-89.917520,TN,USA,Memphis,,7.791839246584679,10.761900544195678,2.158308946238501
Mississippi College,S094,1,5,5,1,32.334504,-90.330444,32.334504,-90.330444,MS,USA,Clinton,,0.0,0.0,0.0
Haynes Creek Church Singing,S096,2,6,6,1,33.824760,-83.961739,33.824760,-83.961739,GA,USA,Loganville,,0.0,0.0,0.0
Mountain Park United Methodist Church,S096,2,6,6,1,33.836842,-84.130245,33.836842,-84.130245,GA,USA,Stone Mountain,,0.0,0.0,0.0
Mountain View Shape Note Gathering,S097,1,7,7,2,35.880721,-92.117112,35.878445,-92.116468,AR,USA,Mountain View,,0.4516846778323335,1.1292116945808328,0.1613159563686904
Mt. Zion Primitive Baptist Church,S098,1,5,2,1,33.238271,-85.888454,33.238271,-85.888454,AL,USA,Ashland,,0.0,0.0,0.0
New Providence Primitive Baptist Church,S102,1,18,18,1,32.329985,-93.258036,32.329985,-93.258036,LA,USA,Ringgold,,0.0,0.0,0.0
New Year's Eve Singing,S103,1,6,6,1,34.154792,-83.325485,34.154792,-83.325485,GA,USA,Ila,,0.0,0.0,0.0
Newton County Singing,S104,1,11,11,1,33.548952,-83.686080,33.548952,-83.686080,GA,USA,Mansfield,,0.0,0.0,0.0
North Carolina Sacred Harp Convention,S105,1,27,25,6,35.788714,-78.779455,35.825258,-78.790136,NC,USA,Raleigh,,18.432407161333632,22.4322669721022,6.929570760554631
Northern California Regional Sacred Harp Singing,S106,1,6,6,2,36.969452,-122.027683,36.970887,-122.027979,CA,USA,Santa Cruz,,0.3014959859692494,0.6029919719384988,0.10049866198974981
Norumbega Harmony Singing,S107,1,6,6,1,42.329798,-71.168018,42.329798,-71.168018,MA,USA,Chestnut Hill,,0.0,0.0,0.0
Old Songs Book Singing,S108,1,21,19,2,42.697754,-74.025388,42.697673,-74.025342,NY,USA,Altamont,,0.0,0.1147494148794007,0.00603944288838951
Pikes Peak Sacred Harp Singing,S114,1,9,9,2,38.795744,-104.843834,38.800596,-104.839960,CO,USA,Colorado Springs,,0.71070809535969,3.5535404767984473,0.39483783075538303
Pratt-Woodard Memorial Singing,S115,1,6,6,1,34.144303,-87.257268,34.144303,-87.257268,AL,USA,Houston,,0.0,0.0,0.0
"Rocky Mountain Convention, Colorado Session",S116,1,5,5,3,39.758201,-105.037890,39.784549,-105.017149,CO,USA,Denver,,5.396474588261047,5.719018736613861,3.1088670936155025
Sardis On the River,S119,1,7,7,2,33.798870,-87.146588,33.781455,-87.107652,AL,USA,Cordova,,8.888369727336222,8.888369727336222,2.539534207810349
Velton Chafin Memorial Singing,S124,1,5,5,1,33.737918,-87.010312,33.737918,-87.010312,AL,USA,Dora,,0.0,0.0,0.0
