"Pacific Northwest \n Sacred Harp Convention, Oregon","October 15-16, 2022","posh2022-10-16.PNWC-OS.mosquito.v2.flac24"
"Pacific Northwest Convention, Washington","February 18-19, 2023","pnwshs2023-02-18.PNWSHC-WS.mosquito.flac24"
"United Sacred Harp Musical Association","September 8-9, 2007","2007-09-08-united"
"Burnham and Brown Memorial","Sunday, February 3, 2008","BurnhamBrown08"
"University of Georgia","Sunday, February 24, 2008","2008SocialHarp"
"Mr. and Mrs. Frank Rogers Memorial Singing","Sunday, March 2, 2008","08-rogers-memorial"
"Western Massachusetts Sacred Harp Convention","March 8-9, 2008","08-western-mass03_08_2008"
"Western Massachusetts Sacred Harp Convention","March 8-9, 2008","08-western-mass03_09_08"
"Ivey Memorial Singing","Sunday, March 29, 2009","2009-03-29-ivey-memorial-2009liberty-march"
"Henagar-Union Convention","July 4-5, 2009","09-sat-henagar-union"
"Henagar-Union Convention","July 4-5, 2009","09-sun-henagar-union"
"Lacy Memorial Singing","Sunday, August 29, 2010","2010-08-29-lacy-memorial"
"Chafin, Harbinson, and Hollis Memorial","Sunday, July 17, 2011","07-17-11-new-prospect"
"The United Sacred Harp Musical Association","September 7-8, 2013","09-07-13-united"
"The United Sacred Harp Musical Association","September 7-8, 2013","09-08-13-united"
"Alexander, Hullett, Lowe, Brothers, Hyatt, Putman, and Wootten Memorial","Sunday, October 6, 2013","10-06-13-hopewell"
"Alabama Sacred Harp Musical Convention","November 23-24, 2013","11-23-13-alstate"
"Alabama Sacred Harp Musical Convention","November 23-24, 2013","11-24-2013-alstate"
"Burnham and Brown Memorial","Sunday, February 2, 2014","2014-burnham-brown"
"Georgia State Sacred Harp Convention","March 22-23, 2014","03-23-2014-gastate"
"Ivey Memorial","Sunday, March 30, 2014","03-30-2014-liberty"
"Liberty Decoration Day Singing","Sunday, June 1, 2014","2014-liberty-decoration"
"Salem United Methodist Church","Saturday, June 21, 2014","2014-cedar-bluff"
"Henagar-Union Convention","July 5-6, 2014","2014-07-05-henagar-union"
"Henagar-Union Convention","July 5-6, 2014","2014-07-06-henagar-union"
"Alabama Sacred Harp Musical Convention","November 22-23, 2014","11-22-14-al-state"
"Alabama Sacred Harp Musical Convention","November 22-23, 2014","11-23-14-al-state"
"Ivey Memorial","Sunday, March 29, 2015","03-29-15-ivey-memorial"
"National Sacred Harp Convention","June 18-20, 2015","2015-06-19-nationals"
"Mt. Lebanon Baptist Church","Sunday, June 28, 2015","6-28-15-mt-leb"
"Henagar-Union Convention","July 4-5, 2015","7-04-15-henagar-union"
"Henagar-Union Convention","July 4-5, 2015","7-05-15-henagar-union"
"Alabama Sacred Harp Musical Convention","November 21-22, 2015","2015-al-state-sat"
"Alabama Sacred Harp Musical Convention","November 21-22, 2015","2015-al-state-sun"
"Ivey Memorial","Sunday, January 31, 2016","2016-ivey-memorial"
"Georgia State Sacred Harp Convention","March 26-27, 2016","2016-georgia-state"
"Georgia State Sacred Harp Convention","March 26-27, 2016","2016-georgia-state-sun"
"Henagar-Union Convention","July 2-3, 2016","2016-07-02-henagar-union"
"Henagar-Union Convention","July 2-3, 2016","2016-07-03-henagar-union"
"Fayette County Convention","Sunday, August 7, 2016","08-07-16-mt-lebanon"
"The United Sacred Harp Musical Association","September 9-11, 2016","09-10-16-united-sat"
"The United Sacred Harp Musical Association","September 9-11, 2016","09-11-16-united-sun"
"Tennessee State Sacred Harp Singing","Saturday, October 15, 2016","10-15-16-tnstate"
"Reid Memorial","Sunday, October 16, 2016","10-16-16-county-line"
"Reid Memorial","Sunday, October 16, 2016","10-16-16-county-line"
"Rogers Memorial Singing","Sunday, March 5, 2017","2017-03-05-ephesus"
"Ivey Memorial","Sunday, January 29, 2017","2017-ivey-memorial-27"
"Georgia State Sacred Harp Convention","March 25-26, 2017","03-25-17-ga-state"
"Georgia State Sacred Harp Convention","March 25-26, 2017","03-26-17-ga-state"
"Holly Springs Memorial Singing","June 3-4, 2017","2017-06-03-holly-springs"
"Salem United Methodist Church Singing","Saturday, June 24, 2017","2017-06-24-salem-umc"
"Fayette County Convention","Sunday, August 6, 2017","2017-08-06-mt-leb"
"Lookout Mountain Convention","August 26-27, 2017","2017-08-26-lookout-mountain"
"Lookout Mountain Convention","August 26-27, 2017","2017-08-27-lookout-mountain"
"The United Sacred Harp Musical Association","September 9-10, 2017","2017-united-9-09"
"The United Sacred Harp Musical Association","September 9-10, 2017","2017-09-10-united"
"New England Sacred Harp Convention","September 30 - October 1, 2017","2017-09-30-new-england"
"New England Sacred Harp Convention","September 30 - October 1, 2017","2017-10-01-new-england"
"Holly Springs Primitive Baptist Church","Sunday, November 5, 2017","2017-11-05-holly-springs"
"Alabama Sacred Harp Musical Convention","November 25-26, 2017","2017-11-26-alstate"
"Georgia State Sacred Harp Convention","March 24-25, 2018","2018-03-24-gastate"
"Georgia State Sacred Harp Convention","March 24-25, 2018","2018-03-25-gastate"
"State Line Church","Saturday, April 7, 2018","2018-04-07-state-line"
"County Line Church","Sunday, April 8, 2018","2018-04-08-county-line"
"Pine Grove Singing","Sunday, April 15, 2018","2018-04-15-pine-grove"
"Ivey Memorial","Sunday, April 29, 2018","2018-04-29-liberty"
"Huntsville Sacred Harp Singing","Saturday, May 5, 2018","2018-05-05-huntsville"
"Hopewell Primitive Baptist Church","Sunday, June 17, 2018","2018-06-17-hopewell"
"Salem United Methodist Church","Saturday, June 23, 2018","2018-06-24-salem-umc"
"Young People’s Singing","Saturday, July 28, 2018","2018-07-28-young-peoples"
"Lacy Memorial","Sunday, July 29, 2018","2018-07-29-lacy-memorial"
"The United Sacred Harp Musical Association","September 8-9, 2018","2018-09-08-united"
"The United Sacred Harp Musical Association","September 8-9, 2018","2018-09-09-united"
"Union Musical Sacred Harp Singing Convention","September 29-30, 2018","2018-09-29-union"
"Union Musical Sacred Harp Singing Convention","September 29-30, 2018","2018-09-30-union"
"Tennessee State Sacred Harp Singing","Saturday, October 20, 2018","2018-10-20-tnstate"
"Reid Memorial","Sunday, October 21, 2018","2018-10-21-county-line"
"Denney Memorial","Saturday, November 3, 2018","2018-11-03-denney-memorial"
"Alabama Sacred Harp Musical Association","November 24-25, 2018","2018-11-24-alabama-state"
"Alabama Sacred Harp Musical Association","November 24-25, 2018","2018-11-25-alabama-state"
"Barrett Patton’s Christmas Singing","Saturday, December 29, 2018","2018-12-29-barretts-singing"
"Burnham and Brown Memorial Singing","Sunday, February 3, 2019","2019-02-03-burnham-brown"
"Ivey Memorial","Sunday, March 31, 2019","2019-03-31-ivey-memorial"
"Huntsville Sacred Harp Singing","Saturday, May 4, 2019","2019-05-04-huntsville"
"Hopewell Primitive Baptist Church","Sunday, June 16, 2019","2019-06-16-hopewell"
"Salem United Methodist Church","Saturday, June 22, 2019","2019-06-22-salem"
"Alabama Bicentennial Sacred Harp Singing","Sunday, June 30, 2019","2019-06-30-bicentennial"
"Henagar-Union Convention","July 6-7, 2019","2019-07-07-henagar-union"
"Fayette County Convention","Sunday, August 4, 2019","2019-08-04-mt-leb"
"Henagar-Union Convention","July 6-7, 2019","2019-06-07-henagar-union"
"Burnham and Brown Memorial Singing","Sunday, February 2, 2020","2019-02-02-burnham-brown"
"Rogers Memorial Singing","Sunday, March 1, 2020","2019-03-01-ephesus"
"Huntsville Sacred Harp Singing","Saturday, April 30, 2022","2022-04-30-huntsville"
"Henagar-Union Convention","July 2-3, 2022","2022-07-03-henagar-union"
"Alabama Sacred Harp Musical Association","November 26-27, 2022","2022-11-26-alstate"
"Alabama Sacred Harp Musical Association","November 26-27, 2022","2022-11-27-alstate"
"Georgia State Sacred Harp Singing Convention","March 25-26, 2023","2023-03-26-gastate"
"Antioch Baptist Church","Sunday, April 9, 2023","2023-04-09-antioch"
"Mt. Lebanon Baptist Church","Sunday, June 25, 2023","2023-06-25-mt-lebanon"
"The United Sacred Harp Musical Association","September 9-10, 2023","2023-09-09-united"
"The United Sacred Harp Musical Association","September 9-10, 2023","2023-09-10-united"
"Alabama Sacred Harp Musical Association","November 25-26, 2023","2023-11-26-alstate-sun"
"Ivey Memorial","Sunday, March 31, 2024","2024-03-31-ivey-memorial"
"Huntsville Sacred Harp Singing","Saturday, May 4, 2024","2024-05-04-huntsville"
"Henagar-Union Convention","July 6-7, 2024","2024-07-06-henagar-union"
"Henagar-Union Convention","July 6-7, 2024","2024-07-07-henagar-union"
"The United Sacred Harp Musical Association","September 7-8, 2024","2024-09-08-united"
"Ivey Memorial","Sunday, March 30, 2025","2025-03-30-ivey-memorial"
"Henagar-Union Convention","July 5-6, 2025","2025-07-05-henagar-union"
"Henagar-Union Convention","July 5-6, 2025","2025-07-06-henagar-union"
"Lacy Memorial","Sunday, August 31, 2025","2025-08-31-lacy-memorial"
"United Sacred Harp Musical Association \n (2025 Edition)","September 13-14, 2025","sacredharp2025edition"
"United Sacred Harp Musical Association \n (2025 Edition)","September 13-14, 2025","2025-united-convention-sun"
"Denney Memorial (2025 Edition)","Saturday, November 1, 2025","2025-11-01-emmaus"
"Holly Springs Primitive Baptist Church \n (2025 Edition)","Sunday, November 2, 2025","2025-11-02-holly-springs"
"Alabama Sacred Harp Musical Association \n (2025 Edition)","November 22-23, 2025","2025-al-state-sacred-harp-sat"
"Alabama Sacred Harp Musical Association \n (2025 Edition)","November 22-23, 2025","2025al-state-sacred-harp"
"Georgia State Sacred Harp Convention","March 23-24, 2019","2019-georgia-state-sacred-harp"
"Mt. Zion Memorial Singing","July 21-22, 2012","2012-mt-zion-sacred-harp"
"Rogers Memorial Singing","Sunday, March 4, 2012","2012-rogers-memorial-sacred-harp"
"Emmaus Primitive Baptist Church","Saturday, March 3, 2012","2012-emmaus-sacred-harp"
"Piccolo Spoleto Singing","Saturday, May 24, 2014","2014-piccolo-spoleto-sacred-harp"
"Holly Springs Primitive Baptist Church","Sunday, November 4, 2012","2012-holly-springs-sacred-harp"
"Chattahoochee Convention","August 4-5, 2012","2012-chattahoochee-sacred-harp"
"Ivey Memorial Singing","Sunday, March 30, 2008","08-liberty-march"
"Oak Grove Primitive Baptist Church","Saturday, April 26, 2008","08-oak-grove"
"Alewine-Laminack Memorial","Sunday, April 27, 2008","08-alewine"
"Huntsville Sacred Harp Singing","Saturday, May 3, 2008","08-huntsville"
"Holly Springs Primitive Baptist Church","May 31 - June 1, 2008","08-holly-springs-Sat"
"Holly Springs Primitive Baptist Church","May 31 - June 1, 2008","2008-holly-springs-sun"
"Alpharetta Municipal Building Singing","Sunday, June 8, 2008","08-alpharetta-june"
"Hopewell Primitive Baptist Church","Sunday, June 15, 2008","08-hopewell-ephesus-15-june"
"Salem United Methodist Church","Saturday, June 21, 2008","08-cedar-bluff-21-june"
"DeLong-Roberts Memorial Singing","Sunday, June 22, 2008","08-de-long-roberts-22-june"
"Henagar-Union Convention","July 5-6, 2008","liberty_2008_HU"
"Crossroads Baptist Church","Sunday, July 6, 2008","crossroads_2008_july"
"Mt. Zion Memorial Singing","July 26-27, 2008","mt-zion-2008-sat"
"Mt. Zion Memorial Singing","July 26-27, 2008","mt-zion-2008-sun"
"Chattahoochee Convention","August 2-3, 2008","chattahoochee2008_sat"
"Chattahoochee Convention","August 2-3, 2008","chattahoochee_2008_sun"
"Lookout Mountain Convention","August 23-24, 2008","pinegrove_aug2008"
"Young People’s Sacred Harp Association Singing","Saturday, August 30, 2008","young_peoples_2008"
"Lacy Memorial Singing","Sunday, August 31, 2008","lacy-memorial-2008"
"United Sacred Harp Musical Association","September 13-14, 2008","united_2008_sat"
"United Sacred Harp Musical Association","September 13-14, 2008","united_2008_sun"
"Andrew’s Chapel Singing","Sunday, October 19, 2008","08-andrews-chapel"
